,day,duration,hour,weekday,rain
0,1,105,6,1,0.0
1,1,92,6,1,0.0
2,1,93,6,1,0.0
3,1,94,6,1,0.0
4,1,148,6,1,0.0
5,1,96,6,1,0.0
6,1,108,6,1,0.0
7,1,107,7,1,0.0
8,1,107,7,1,0.0
9,1,103,7,1,0.0
10,1,106,7,1,0.0
11,1,117,7,1,0.0
12,1,112,7,1,0.0
13,1,115,8,1,0.0
14,1,108,8,1,0.0
15,1,110,8,1,0.0
16,1,109,8,1,0.0
17,1,106,8,1,0.0
18,1,104,8,1,0.0
19,1,106,9,1,0.0
20,1,107,9,1,0.0
21,1,103,9,1,0.0
22,1,107,9,1,0.0
23,1,94,9,1,0.0
24,1,94,9,1,0.0
25,1,96,10,1,0.0
26,1,100,10,1,0.0
27,1,100,10,1,0.0
28,1,97,10,1,0.0
29,1,96,10,1,0.0
30,1,102,10,1,0.0
31,1,94,11,1,0.0
32,1,97,11,1,0.0
33,1,97,11,1,0.0
34,1,94,11,1,0.0
35,1,100,11,1,0.0
36,1,102,11,1,0.0
37,1,94,12,1,0.0
38,1,99,12,1,0.0
39,1,103,12,1,0.0
40,1,93,12,1,0.0
41,1,95,12,1,0.0
42,1,93,13,1,0.0
43,1,96,13,1,0.0
44,1,96,13,1,0.0
45,1,100,13,1,0.0
46,1,96,13,1,0.0
47,1,98,13,1,0.0
48,1,95,13,1,0.0
49,1,93,14,1,0.0
50,1,106,14,1,0.0
51,1,92,14,1,0.0
52,1,95,14,1,0.0
53,1,87,14,1,0.0
54,1,97,14,1,0.0
55,1,103,15,1,0.0
56,1,105,15,1,0.0
57,1,104,15,1,0.0
58,1,105,15,1,0.0
59,1,107,15,1,0.0
60,1,108,15,1,0.0
61,1,103,16,1,0.0
62,1,109,16,1,0.0
63,1,111,16,1,0.0
64,1,104,16,1,0.0
65,1,113,16,1,0.0
66,1,104,16,1,0.0
67,1,114,16,1,0.0
68,1,108,17,1,0.0
69,1,115,17,1,0.0
70,1,102,17,1,0.0
71,1,109,17,1,0.0
72,1,101,17,1,0.0
73,1,111,18,1,0.0
74,1,112,18,1,0.0
75,1,111,18,1,0.0
76,1,98,18,1,0.0
77,1,97,18,1,0.0
78,1,115,18,1,0.0
79,1,89,19,1,0.0
80,1,95,19,1,0.0
81,1,67,19,1,0.0
82,1,96,19,1,0.0
83,1,94,20,1,0.0
84,1,99,20,1,0.0
85,1,98,20,1,0.0
86,1,94,21,1,0.0
87,1,92,21,1,0.0
88,1,118,21,1,0.0
89,1,83,22,1,0.0
90,1,78,22,1,0.0
91,1,89,23,1,0.0
92,2,96,6,1,0.0
93,2,93,6,1,0.0
94,2,105,6,1,0.0
95,2,92,6,1,0.0
96,2,91,6,1,0.0
97,2,95,6,1,0.0
98,2,107,6,1,0.0
99,2,109,7,1,0.0
100,2,100,7,1,0.0
101,2,137,7,1,0.0
102,2,102,7,1,0.0
103,2,116,7,1,0.0
104,2,114,7,1,0.0
105,2,112,8,1,0.0
106,2,116,8,1,0.0
107,2,111,8,1,0.0
108,2,103,8,1,0.0
109,2,109,8,1,0.0
110,2,103,9,1,0.0
111,2,106,9,1,0.0
112,2,106,9,1,0.0
113,2,111,9,1,0.0
114,2,105,9,1,0.0
115,2,98,9,1,0.0
116,2,97,9,1,0.0
117,2,97,10,1,0.0
118,2,97,10,1,0.0
119,2,97,10,1,0.0
120,2,97,10,1,0.0
121,2,105,10,1,0.0
122,2,96,10,1,0.0
123,2,89,11,1,0.0
124,2,95,11,1,0.0
125,2,96,11,1,0.0
126,2,95,11,1,0.0
127,2,96,11,1,0.0
128,2,94,11,1,0.0
129,2,99,12,1,0.0
130,2,97,12,1,0.0
131,2,102,12,1,0.0
132,2,96,12,1,0.0
133,2,102,12,1,0.0
134,2,93,13,1,0.0
135,2,102,13,1,0.0
136,2,107,13,1,0.0
137,2,99,13,1,0.0
138,2,95,13,1,0.0
139,2,96,13,1,0.0
140,2,97,13,1,0.0
141,2,91,14,1,0.0
142,2,102,14,1,0.0
143,2,100,14,1,0.0
144,2,94,14,1,0.0
145,2,95,14,1,0.0
146,2,98,14,1,0.0
147,2,104,15,1,0.0
148,2,105,15,1,0.0
149,2,104,15,1,0.0
150,2,106,15,1,0.0
151,2,106,15,1,0.0
152,2,101,15,1,0.0
153,2,104,16,1,0.0
154,2,118,16,1,0.0
155,2,127,16,1,0.0
156,2,111,16,1,0.0
157,2,254,16,1,0.0
158,2,112,16,1,0.0
159,2,107,16,1,0.0
160,2,121,17,1,0.0
161,2,118,17,1,0.0
162,2,107,17,1,0.0
163,2,92,17,1,0.0
164,2,108,17,1,0.0
165,2,107,18,1,0.0
166,2,107,18,1,0.0
167,2,67,18,1,0.0
168,2,110,18,1,0.0
169,2,102,18,1,0.0
170,2,120,18,1,0.0
171,2,93,19,1,0.0
172,2,97,19,1,0.0
173,2,96,19,1,0.0
174,2,94,20,1,0.0
175,2,104,20,1,0.0
176,2,64,20,1,0.0
177,2,106,20,1,0.0
178,2,101,21,1,0.0
179,2,93,21,1,0.0
180,2,96,21,1,0.0
181,2,83,22,1,0.0
182,2,86,22,1,0.0
183,2,91,22,1,0.0
184,3,96,6,1,0.0
185,3,93,6,1,0.0
186,3,93,6,1,0.0
187,3,97,6,1,0.0
188,3,79,6,1,0.0
189,3,99,6,1,0.0
190,3,106,6,1,0.0
191,3,106,7,1,0.0
192,3,100,7,1,0.0
193,3,108,7,1,0.0
194,3,102,7,1,0.0
195,3,117,7,1,0.0
196,3,114,7,1,0.0
197,3,113,8,1,0.0
198,3,108,8,1,0.0
199,3,119,8,1,0.0
200,3,114,8,1,0.0
201,3,109,8,1,0.0
202,3,109,8,1,0.0
203,3,103,9,1,0.0
204,3,105,9,1,0.0
205,3,110,9,1,0.0
206,3,105,9,1,0.0
207,3,103,9,1,0.0
208,3,94,10,1,0.0
209,3,99,10,1,0.0
210,3,97,10,1,0.0
211,3,98,10,1,0.0
212,3,98,10,1,0.0
213,3,97,10,1,0.0
214,3,97,10,1,0.0
215,3,102,11,1,0.0
216,3,95,11,1,0.0
217,3,117,11,1,0.0
218,3,92,11,1,0.0
219,3,94,11,1,0.0
220,3,95,11,1,0.0
221,3,95,12,1,0.0
222,3,92,12,1,0.0
223,3,102,12,1,0.0
224,3,94,12,1,0.0
225,3,99,12,1,0.0
226,3,96,12,1,0.0
227,3,100,13,1,0.0
228,3,96,13,1,0.0
229,3,114,13,1,0.0
230,3,94,13,1,0.0
231,3,96,13,1,0.0
232,3,96,13,1,0.0
233,3,94,14,1,0.0
234,3,98,14,1,0.0
235,3,135,14,1,0.0
236,3,94,14,1,0.0
237,3,94,14,1,0.0
238,3,108,15,1,0.0
239,3,109,15,1,0.0
240,3,109,15,1,0.0
241,3,105,15,1,0.0
242,3,108,15,1,0.0
243,3,110,15,1,0.0
244,3,103,16,1,0.0
245,3,110,16,1,0.0
246,3,109,16,1,0.0
247,3,106,16,1,0.0
248,3,108,16,1,0.0
249,3,106,16,1,0.0
250,3,110,16,1,0.0
251,3,109,17,1,0.0
252,3,117,17,1,0.0
253,3,104,17,1,0.0
254,3,102,17,1,0.0
255,3,105,17,1,0.0
256,3,113,18,1,0.0
257,3,97,18,1,0.0
258,3,108,18,1,0.0
259,3,114,18,1,0.0
260,3,66,18,1,0.0
261,3,121,18,1,0.0
262,3,91,19,1,0.0
263,3,92,19,1,0.0
264,3,96,19,1,0.0
265,3,91,19,1,0.0
266,3,105,20,1,0.0
267,3,98,20,1,0.0
268,3,98,20,1,0.0
269,3,94,21,1,0.0
270,3,92,21,1,0.0
271,3,96,21,1,0.0
272,3,86,22,1,0.0
273,3,86,22,1,0.0
274,3,97,23,1,0.0
275,4,99,6,1,0.0
276,4,97,6,1,0.0
277,4,98,6,1,0.0
278,4,96,6,1,0.0
279,4,91,6,1,0.0
280,4,104,6,1,0.0
281,4,108,6,1,0.0
282,4,107,7,1,0.0
283,4,101,7,1,0.0
284,4,105,7,1,0.0
285,4,103,7,1,0.0
286,4,114,7,1,0.0
287,4,101,7,1,0.0
288,4,107,8,1,0.0
289,4,112,8,1,0.0
290,4,113,8,1,0.0
291,4,125,8,1,0.0
292,4,104,8,1,0.0
293,4,102,9,1,0.0
294,4,100,9,1,0.0
295,4,103,9,1,0.0
296,4,45,9,1,0.0
297,4,105,9,1,0.0
298,4,98,9,1,0.0
299,4,95,10,1,0.0
300,4,94,10,1,0.0
301,4,92,10,1,0.0
302,4,98,10,1,0.0
303,4,94,10,1,0.0
304,4,97,10,1,0.0
305,4,99,10,1,0.0
306,4,104,11,1,0.0
307,4,93,11,1,0.0
308,4,104,11,1,0.0
309,4,97,11,1,0.0
310,4,96,11,1,0.0
311,4,101,11,1,0.0
312,4,99,12,1,0.0
313,4,91,12,1,0.0
314,4,104,12,1,0.0
315,4,97,12,1,0.0
316,4,98,12,1,0.0
317,4,96,12,1,0.0
318,4,93,13,1,0.0
319,4,96,13,1,0.0
320,4,96,13,1,0.0
321,4,102,13,1,0.0
322,4,107,13,1,0.0
323,4,94,14,1,0.0
324,4,136,14,1,0.0
325,4,93,14,1,0.0
326,4,93,14,1,0.0
327,4,93,14,1,0.0
328,4,99,14,1,0.0
329,4,106,15,1,0.0
330,4,105,15,1,0.0
331,4,105,15,1,0.0
332,4,105,15,1,0.0
333,4,115,15,1,0.0
334,4,102,15,1,0.0
335,4,101,16,1,0.0
336,4,123,16,1,0.0
337,4,139,16,1,0.0
338,4,118,16,1,0.0
339,4,155,16,1,0.0
340,4,103,16,1,0.0
341,4,110,16,1,0.0
342,4,109,17,1,0.0
343,4,116,17,1,0.0
344,4,103,17,1,0.0
345,4,108,17,1,0.0
346,4,103,17,1,0.0
347,4,103,18,1,0.0
348,4,111,18,1,0.0
349,4,106,18,1,0.0
350,4,111,18,1,0.0
351,4,98,18,1,0.0
352,4,119,18,1,0.0
353,4,100,19,1,0.0
354,4,93,19,1,0.0
355,4,95,19,1,0.0
356,4,100,20,1,0.0
357,4,96,20,1,0.0
358,4,98,20,1,0.0
359,4,104,20,1,0.0
360,4,94,21,1,0.0
361,4,93,21,1,0.0
362,4,91,21,1,0.0
363,4,91,22,1,0.0
364,4,99,22,1,0.0
365,4,91,22,1,0.0
366,5,102,6,0,0.0
367,5,96,6,0,0.0
368,5,97,6,0,0.0
369,5,98,7,0,0.0
370,5,101,7,0,0.0
371,5,101,7,0,0.0
372,5,104,7,0,0.0
373,5,96,8,0,0.0
374,5,114,8,0,0.0
375,5,97,8,0,0.0
376,5,109,8,0,0.0
377,5,104,9,0,0.0
378,5,100,9,0,0.0
379,5,104,9,0,0.0
380,5,104,9,0,0.0
381,5,108,10,0,0.0
382,5,103,10,0,0.0
383,5,104,10,0,0.0
384,5,103,10,0,0.0
385,5,103,11,0,0.0
386,5,103,11,0,0.0
387,5,100,11,0,0.0
388,5,97,12,0,0.0
389,5,105,12,0,0.0
390,5,103,12,0,0.0
391,5,102,12,0,0.0
392,5,98,13,0,0.0
393,5,100,13,0,0.0
394,5,101,13,0,0.0
395,5,104,13,0,0.0
396,5,100,13,0,0.0
397,5,102,14,0,0.0
398,5,100,14,0,0.0
399,5,103,14,0,0.0
400,5,107,14,0,0.0
401,5,102,15,0,0.0
402,5,92,15,0,0.0
403,5,97,15,0,0.0
404,5,101,15,0,0.0
405,5,97,16,0,0.0
406,5,103,16,0,0.0
407,5,99,16,0,0.0
408,5,93,17,0,0.0
409,5,98,17,0,0.0
410,5,104,17,0,0.0
411,5,96,17,0,0.0
412,5,97,18,0,0.0
413,5,74,18,0,0.0
414,5,93,18,0,0.0
415,5,104,19,0,0.0
416,5,96,19,0,0.0
417,5,94,19,0,0.0
418,5,103,19,0,0.0
419,5,96,20,0,0.0
420,5,102,20,0,0.0
421,5,96,20,0,0.0
422,5,104,20,0,0.0
423,5,94,20,0,0.0
424,5,103,21,0,0.0
425,5,93,21,0,0.0
426,5,97,22,0,0.0
427,5,132,22,0,0.0
428,5,87,22,0,0.0
429,5,87,23,0,0.0
430,6,80,8,0,0.0
431,6,80,9,0,0.0
432,6,79,9,0,0.0
433,6,77,9,0,0.0
434,6,80,10,0,0.0
435,6,77,10,0,0.0
436,6,95,10,0,0.0
437,6,95,11,0,0.0
438,6,92,11,0,0.0
439,6,95,11,0,0.0
440,6,99,12,0,0.0
441,6,101,12,0,0.0
442,6,113,12,0,0.0
443,6,93,13,0,0.0
444,6,96,13,0,0.0
445,6,96,13,0,0.0
446,6,96,14,0,0.0
447,6,95,14,0,0.0
448,6,96,14,0,0.0
449,6,90,15,0,0.0
450,6,99,15,0,0.0
451,6,99,15,0,0.0
452,6,97,16,0,0.0
453,6,101,16,0,0.0
454,6,95,16,0,0.0
455,6,91,17,0,0.0
456,6,114,17,0,0.0
457,6,90,17,0,0.0
458,6,98,18,0,0.0
459,6,72,18,0,0.0
460,6,93,18,0,0.0
461,6,80,19,0,0.0
462,6,92,19,0,0.0
463,6,89,20,0,0.0
464,6,86,20,0,0.0
465,6,54,21,0,0.0
466,6,78,21,0,0.0
467,6,87,22,0,0.0
468,6,87,22,0,0.0
469,0,101,6,1,0.0
470,0,100,6,1,0.0
471,0,92,6,1,0.0
472,0,109,6,1,0.0
473,0,109,6,1,0.0
474,0,93,6,1,0.0
475,0,109,6,1,0.0
476,0,108,7,1,0.0
477,0,102,7,1,0.0
478,0,114,7,1,0.0
479,0,103,7,1,0.0
480,0,110,7,1,0.0
481,0,120,7,1,0.0
482,0,105,8,1,0.0
483,0,111,8,1,0.0
484,0,113,8,1,0.0
485,0,109,8,1,0.0
486,0,103,8,1,0.0
487,0,105,9,1,0.0
488,0,109,9,1,0.0
489,0,103,9,1,0.0
490,0,102,9,1,0.0
491,0,119,9,1,0.0
492,0,97,9,1,0.0
493,0,97,10,1,0.0
494,0,96,10,1,0.0
495,0,107,10,1,0.0
496,0,97,10,1,0.0
497,0,96,10,1,0.0
498,0,97,10,1,0.0
499,0,96,11,1,0.0
500,0,96,11,1,0.0
501,0,68,11,1,0.0
502,0,94,11,1,0.0
503,0,97,11,1,0.0
504,0,102,11,1,0.0
505,0,100,12,1,0.0
506,0,94,12,1,0.0
507,0,94,12,1,0.0
508,0,96,12,1,0.0
509,0,100,12,1,0.0
510,0,95,13,1,0.0
511,0,101,13,1,0.0
512,0,93,13,1,0.0
513,0,94,13,1,0.0
514,0,99,13,1,0.0
515,0,93,14,1,0.0
516,0,99,14,1,0.0
517,0,100,14,1,0.0
518,0,93,14,1,0.0
519,0,101,14,1,0.0
520,0,97,14,1,0.0
521,0,104,14,1,0.0
522,0,103,15,1,0.0
523,0,103,15,1,0.0
524,0,110,15,1,0.0
525,0,103,15,1,0.0
526,0,103,16,1,0.0
527,0,104,16,1,0.0
528,0,111,16,1,0.0
529,0,103,16,1,0.0
530,0,110,16,1,0.0
531,0,107,16,1,0.0
532,0,109,16,1,0.0
533,0,111,17,1,0.0
534,0,118,17,1,0.0
535,0,105,17,1,0.0
536,0,109,17,1,0.0
537,0,111,17,1,0.0
538,0,110,17,1,0.0
539,0,109,18,1,0.0
540,0,89,18,1,0.0
541,0,105,18,1,0.0
542,0,104,18,1,0.0
543,0,88,18,1,0.0
544,0,93,19,1,0.0
545,0,95,19,1,0.0
546,0,93,19,1,0.0
547,0,100,20,1,0.0
548,0,99,20,1,0.0
549,0,98,20,1,0.0
550,0,101,20,1,0.0
551,0,94,21,1,0.0
552,0,95,21,1,0.0
553,0,87,21,1,0.0
554,0,77,22,1,0.0
555,0,82,22,1,0.0
556,0,84,23,1,0.0
557,1,96,6,1,0.0
558,1,100,6,1,0.0
559,1,106,6,1,0.0
560,1,93,6,1,0.0
561,1,96,6,1,0.0
562,1,100,6,1,0.0
563,1,105,6,1,0.0
564,1,105,7,1,0.0
565,1,104,7,1,0.0
566,1,110,7,1,0.0
567,1,111,7,1,0.0
568,1,117,7,1,0.0
569,1,114,7,1,0.0
570,1,105,8,1,0.0
571,1,110,8,1,0.0
572,1,109,8,1,0.0
573,1,108,8,1,0.0
574,1,103,9,1,0.0
575,1,106,9,1,0.0
576,1,103,9,1,0.0
577,1,103,9,1,0.0
578,1,103,9,1,0.0
579,1,111,9,1,0.0
580,1,103,9,1,0.0
581,1,97,10,1,0.0
582,1,97,10,1,0.0
583,1,105,10,1,0.0
584,1,97,10,1,0.0
585,1,97,10,1,0.0
586,1,99,10,1,0.0
587,1,94,11,1,0.0
588,1,97,11,1,0.0
589,1,101,11,1,0.0
590,1,92,11,1,0.0
591,1,100,11,1,0.0
592,1,94,12,1,0.0
593,1,102,12,1,0.0
594,1,95,12,1,0.0
595,1,94,12,1,0.0
596,1,94,12,1,0.0
597,1,99,12,1,0.0
598,1,95,13,1,0.0
599,1,95,13,1,0.0
600,1,96,13,1,0.0
601,1,100,13,1,0.0
602,1,95,13,1,0.0
603,1,95,13,1,0.0
604,1,96,14,1,0.0
605,1,94,14,1,0.0
606,1,94,14,1,0.0
607,1,94,14,1,0.0
608,1,101,14,1,0.0
609,1,104,15,1,0.0
610,1,110,15,1,0.0
611,1,109,15,1,0.0
612,1,110,15,1,0.0
613,1,105,15,1,0.0
614,1,108,16,1,0.0
615,1,104,16,1,0.0
616,1,104,16,1,0.0
617,1,106,16,1,0.0
618,1,105,16,1,0.0
619,1,111,16,1,0.0
620,1,105,16,1,0.0
621,1,105,17,1,0.0
622,1,117,17,1,0.0
623,1,104,17,1,0.0
624,1,136,17,1,0.0
625,1,104,17,1,0.0
626,1,103,18,1,0.0
627,1,103,18,1,0.0
628,1,103,18,1,0.0
629,1,104,18,1,0.0
630,1,105,18,1,0.0
631,1,102,19,1,0.0
632,1,91,19,1,0.0
633,1,102,19,1,0.0
634,1,96,19,1,0.0
635,1,98,20,1,0.0
636,1,98,20,1,0.0
637,1,107,20,1,0.0
638,1,94,21,1,0.0
639,1,97,21,1,0.0
640,1,82,21,1,0.0
641,1,75,22,1,0.0
642,1,71,22,1,0.0
643,1,87,22,1,0.0
644,2,99,6,1,0.0
645,2,97,6,1,0.0
646,2,106,6,1,0.0
647,2,89,6,1,0.0
648,2,104,6,1,0.0
649,2,100,6,1,0.0
650,2,105,6,1,0.0
651,2,110,7,1,0.0
652,2,104,7,1,0.0
653,2,110,7,1,0.0
654,2,103,7,1,0.0
655,2,111,7,1,0.0
656,2,114,7,1,0.0
657,2,114,8,1,0.0
658,2,112,8,1,0.0
659,2,113,8,1,0.0
660,2,109,8,1,0.0
661,2,105,8,1,0.0
662,2,112,9,1,0.0
663,2,92,9,1,0.0
664,2,103,9,1,0.0
665,2,107,9,1,0.0
666,2,109,9,1,0.0
667,2,78,9,1,0.0
668,2,95,9,1,0.0
669,2,94,10,1,0.0
670,2,93,10,1,0.0
671,2,106,10,1,0.0
672,2,100,10,1,0.0
673,2,102,10,1,0.0
674,2,96,10,1,0.0
675,2,97,11,1,0.0
676,2,95,11,1,0.0
677,2,97,11,1,0.0
678,2,94,11,1,0.0
679,2,100,11,1,0.0
680,2,101,11,1,0.0
681,2,94,12,1,0.0
682,2,102,12,1,0.0
683,2,102,12,1,0.0
684,2,93,12,1,0.0
685,2,104,12,1,0.0
686,2,30,13,1,0.0
687,2,97,13,1,0.0
688,2,96,13,1,0.0
689,2,93,13,1,0.0
690,2,95,13,1,0.0
691,2,95,13,1,0.0
692,2,95,13,1,0.0
693,2,100,14,1,0.0
694,2,94,14,1,0.0
695,2,99,14,1,0.0
696,2,98,14,1,0.0
697,2,93,14,1,0.0
698,2,103,15,1,0.0
699,2,105,15,1,0.0
700,2,106,15,1,0.0
701,2,104,15,1,0.0
702,2,106,15,1,0.0
703,2,102,15,1,0.0
704,2,106,15,1,0.0
705,2,102,16,1,0.0
706,2,105,16,1,0.0
707,2,102,16,1,0.0
708,2,104,16,1,0.0
709,2,105,16,1,0.0
710,2,112,16,1,0.0
711,2,107,17,1,0.0
712,2,131,17,1,0.0
713,2,143,17,1,0.0
714,2,143,17,1,0.0
715,2,162,17,1,0.0
716,2,116,18,1,0.0
717,2,115,18,1,0.0
718,2,107,18,1,0.0
719,2,99,18,1,0.0
720,2,103,18,1,0.0
721,2,101,18,1,0.0
722,2,93,19,1,0.0
723,2,94,19,1,0.0
724,2,92,19,1,0.0
725,2,99,19,1,0.0
726,2,99,20,1,0.0
727,2,104,20,1,0.0
728,2,102,20,1,0.0
729,2,75,21,1,0.0
730,2,93,21,1,0.0
731,2,93,21,1,0.0
732,2,84,22,1,0.0
733,2,89,22,1,0.0
734,2,90,23,1,0.0
735,3,98,6,1,0.0
736,3,109,6,1,0.0
737,3,108,6,1,0.0
738,3,90,6,1,0.0
739,3,89,6,1,0.0
740,3,99,6,1,0.0
741,3,106,6,1,0.0
742,3,107,7,1,0.0
743,3,102,7,1,0.0
744,3,104,7,1,0.0
745,3,108,7,1,0.0
746,3,118,7,1,0.0
747,3,113,7,1,0.0
748,3,111,8,1,0.0
749,3,108,8,1,0.0
750,3,114,8,1,0.0
751,3,108,8,1,0.0
752,3,108,8,1,0.0
753,3,106,8,1,0.0
754,3,103,9,1,0.0
755,3,103,9,1,0.0
756,3,102,9,1,0.0
757,3,103,9,1,0.0
758,3,102,9,1,0.0
759,3,100,9,1,0.0
760,3,104,10,1,0.0
761,3,99,10,1,0.0
762,3,103,10,1,0.0
763,3,98,10,1,0.0
764,3,99,10,1,0.0
765,3,97,10,1,0.0
766,3,101,11,1,0.0
767,3,101,11,1,0.0
768,3,97,11,1,0.0
769,3,95,11,1,0.0
770,3,97,11,1,0.0
771,3,101,11,1,0.0
772,3,93,12,1,0.0
773,3,95,12,1,0.0
774,3,95,12,1,0.0
775,3,91,12,1,0.0
776,3,98,12,1,0.0
777,3,94,12,1,0.0
778,3,96,13,1,0.0
779,3,95,13,1,0.0
780,3,93,13,1,0.0
781,3,100,13,1,0.0
782,3,95,13,1,0.0
783,3,95,13,1,0.0
784,3,92,14,1,0.0
785,3,95,14,1,0.0
786,3,96,14,1,0.0
787,3,93,14,1,0.0
788,3,101,14,1,0.0
789,3,103,15,1,0.0
790,3,105,15,1,0.0
791,3,103,15,1,0.0
792,3,106,15,1,0.0
793,3,108,15,1,0.0
794,3,106,15,1,0.0
795,3,105,15,1,0.0
796,3,108,16,1,0.0
797,3,105,16,1,0.0
798,3,115,16,1,0.0
799,3,104,16,1,0.0
800,3,105,16,1,0.0
801,3,105,16,1,0.0
802,3,110,17,1,0.0
803,3,122,17,1,0.0
804,3,103,17,1,0.0
805,3,109,17,1,0.0
806,3,105,17,1,0.0
807,3,107,18,1,0.0
808,3,108,18,1,0.0
809,3,110,18,1,0.0
810,3,103,18,1,0.0
811,3,104,18,1,0.0
812,3,112,18,1,0.0
813,3,93,19,1,0.0
814,3,96,19,1,0.0
815,3,96,19,1,0.0
816,3,96,19,1,0.0
817,3,93,20,1,0.0
818,3,99,20,1,0.0
819,3,104,20,1,0.0
820,3,94,21,1,0.0
821,3,93,21,1,0.0
822,3,94,21,1,0.0
823,3,74,22,1,0.0
824,3,90,22,1,0.0
825,4,95,6,1,0.0
826,4,92,6,1,0.0
827,4,93,6,1,0.0
828,4,93,6,1,0.0
829,4,91,6,1,0.0
830,4,100,6,1,0.0
831,4,104,6,1,0.0
832,4,106,7,1,0.0
833,4,102,7,1,0.0
834,4,107,7,1,0.0
835,4,107,7,1,0.0
836,4,118,7,1,0.0
837,4,110,7,1,0.0
838,4,111,8,1,0.0
839,4,107,8,1,0.0
840,4,107,8,1,0.0
841,4,109,8,1,0.0
842,4,110,8,1,0.0
843,4,104,9,1,0.0
844,4,106,9,1,0.0
845,4,109,9,1,0.0
846,4,137,9,1,0.0
847,4,104,9,1,0.0
848,4,103,9,1,0.0
849,4,92,10,1,0.0
850,4,100,10,1,0.0
851,4,99,10,1,0.0
852,4,103,10,1,0.0
853,4,102,10,1,0.0
854,4,97,10,1,0.0
855,4,101,10,1,0.0
856,4,98,11,1,0.0
857,4,99,11,1,0.0
858,4,98,11,1,0.0
859,4,75,11,1,0.0
860,4,96,11,1,0.0
861,4,100,11,1,0.0
862,4,79,12,1,0.0
863,4,93,12,1,0.0
864,4,96,12,1,0.0
865,4,103,12,1,0.0
866,4,90,12,1,0.0
867,4,94,12,1,0.0
868,4,96,12,1,0.0
869,4,98,13,1,0.0
870,4,96,13,1,0.0
871,4,93,13,1,0.0
872,4,99,13,1,0.0
873,4,100,13,1,0.0
874,4,95,13,1,0.0
875,4,98,14,1,0.0
876,4,93,14,1,0.0
877,4,95,14,1,0.0
878,4,94,14,1,0.0
879,4,93,14,1,0.0
880,4,102,15,1,0.0
881,4,105,15,1,0.0
882,4,110,15,1,0.0
883,4,102,15,1,0.0
884,4,103,15,1,0.0
885,4,110,15,1,0.0
886,4,110,16,1,0.0
887,4,109,16,1,0.0
888,4,109,16,1,0.0
889,4,102,16,1,0.0
890,4,108,16,1,0.0
891,4,105,16,1,0.0
892,4,105,16,1,0.0
893,4,111,17,1,0.0
894,4,119,17,1,0.0
895,4,108,17,1,0.0
896,4,107,17,1,0.0
897,4,104,17,1,0.0
898,4,112,17,1,0.0
899,4,106,18,1,0.0
900,4,106,18,1,0.0
901,4,104,18,1,0.0
902,4,101,18,1,0.0
903,4,120,18,1,0.0
904,4,91,19,1,0.0
905,4,99,19,1,0.0
906,4,96,19,1,0.0
907,4,84,19,1,0.0
908,4,97,20,1,0.0
909,4,81,20,1,0.0
910,4,100,20,1,0.0
911,4,94,21,1,0.0
912,4,93,21,1,0.0
913,4,94,21,1,0.0
914,4,93,22,1,0.0
915,4,101,22,1,0.0
916,4,105,23,1,0.0
917,5,106,6,0,0.0
918,5,101,6,0,0.0
919,5,96,7,0,0.0
920,5,90,7,0,0.0
921,5,102,7,0,0.0
922,5,104,7,0,0.0
923,5,100,7,0,0.0
924,5,110,8,0,0.0
925,5,102,8,0,0.0
926,5,109,8,0,0.0
927,5,105,9,0,0.0
928,5,107,9,0,0.0
929,5,105,9,0,0.0
930,5,103,9,0,0.0
931,5,103,9,0,0.0
932,5,104,10,0,0.0
933,5,158,10,0,0.0
934,5,104,10,0,0.0
935,5,97,11,0,0.0
936,5,104,11,0,0.0
937,5,109,11,0,0.0
938,5,105,11,0,0.0
939,5,102,11,0,0.0
940,5,99,12,0,0.0
941,5,108,12,0,0.0
942,5,99,12,0,0.0
943,5,103,12,0,0.0
944,5,107,13,0,0.0
945,5,101,13,0,0.0
946,5,102,13,0,0.0
947,5,102,13,0,0.0
948,5,37,14,0,0.0
949,5,101,14,0,0.0
950,5,98,14,0,0.0
951,5,98,15,0,0.0
952,5,100,15,0,0.0
953,5,101,15,0,0.0
954,5,101,15,0,0.0
955,5,133,16,0,0.0
956,5,117,16,0,0.0
957,5,143,16,0,0.0
958,5,89,16,0,0.0
959,5,98,16,0,0.0
960,5,98,17,0,0.0
961,5,108,17,0,0.0
962,5,74,18,0,0.0
963,5,88,18,0,0.0
964,5,93,18,0,0.0
965,5,101,18,0,0.0
966,5,92,19,0,0.0
967,5,101,19,0,0.0
968,5,93,19,0,0.0
969,5,95,19,0,0.0
970,5,95,20,0,0.0
971,5,96,20,0,0.0
972,5,95,20,0,0.0
973,5,97,21,0,0.0
974,5,94,21,0,0.0
975,5,91,21,0,0.0
976,5,83,22,0,0.0
977,5,94,22,0,0.0
978,5,99,22,0,0.0
979,6,77,9,0,0.0
980,6,74,9,0,0.0
981,6,74,9,0,0.0
982,6,84,9,0,0.0
983,6,72,10,0,0.0
984,6,79,10,0,0.0
985,6,93,11,0,0.0
986,6,90,11,0,0.0
987,6,99,11,0,0.0
988,6,95,11,0,0.0
989,6,96,12,0,0.0
990,6,96,12,0,0.0
991,6,111,13,0,0.0
992,6,92,13,0,0.0
993,6,100,13,0,0.0
994,6,100,14,0,0.0
995,6,103,14,0,0.0
996,6,109,14,0,0.0
997,6,94,15,0,0.0
998,6,96,15,0,0.0
999,6,105,15,0,0.0
1000,6,102,15,0,0.0
1001,6,97,16,0,0.0
1002,6,98,16,0,0.0
1003,6,90,17,0,0.0
1004,6,181,17,0,0.0
1005,6,124,17,0,0.0
1006,6,88,18,0,0.0
1007,6,97,18,0,0.0
1008,6,93,18,0,0.0
1009,6,82,19,0,0.0
1010,6,112,19,0,0.0
1011,6,93,19,0,0.0
1012,6,87,20,0,0.0
1013,6,87,20,0,0.0
1014,6,75,21,0,0.0
1015,6,81,21,0,0.0
1016,6,76,22,0,0.0
1017,6,86,22,0,0.0
1018,0,97,6,1,0.0
1019,0,88,6,1,0.0
1020,0,92,6,1,0.0
1021,0,100,6,1,0.0
1022,0,96,6,1,0.0
1023,0,100,6,1,0.0
1024,0,104,6,1,0.0
1025,0,96,7,1,0.0
1026,0,104,7,1,0.0
1027,0,112,7,1,0.0
1028,0,110,7,1,0.0
1029,0,107,7,1,0.0
1030,0,114,7,1,0.0
1031,0,111,8,1,0.0
1032,0,108,8,1,0.0
1033,0,107,8,1,0.0
1034,0,113,8,1,0.0
1035,0,107,8,1,0.0
1036,0,102,9,1,0.0
1037,0,101,9,1,0.0
1038,0,102,9,1,0.0
1039,0,113,9,1,0.0
1040,0,106,9,1,0.0
1041,0,100,9,1,0.0
1042,0,97,9,1,0.0
1043,0,102,10,1,0.0
1044,0,97,10,1,0.0
1045,0,103,10,1,0.0
1046,0,97,10,1,0.0
1047,0,96,10,1,0.0
1048,0,102,10,1,0.0
1049,0,96,11,1,0.0
1050,0,95,11,1,0.0
1051,0,99,11,1,0.0
1052,0,95,11,1,0.0
1053,0,97,11,1,0.0
1054,0,91,12,1,0.0
1055,0,102,12,1,0.0
1056,0,74,12,1,0.0
1057,0,109,12,1,0.0
1058,0,95,12,1,0.0
1059,0,82,12,1,0.0
1060,0,95,12,1,0.0
1061,0,101,13,1,0.0
1062,0,94,13,1,0.0
1063,0,95,13,1,0.0
1064,0,94,13,1,0.0
1065,0,95,13,1,0.0
1066,0,95,13,1,0.0
1067,0,94,14,1,0.0
1068,0,95,14,1,0.0
1069,0,93,14,1,0.0
1070,0,93,14,1,0.0
1071,0,100,14,1,0.0
1072,0,102,15,1,0.0
1073,0,103,15,1,0.0
1074,0,131,15,1,0.0
1075,0,110,15,1,0.0
1076,0,105,15,1,0.0
1077,0,105,15,1,0.0
1078,0,106,15,1,0.0
1079,0,105,16,1,0.0
1080,0,102,16,1,0.0
1081,0,110,16,1,0.0
1082,0,109,16,1,0.0
1083,0,106,16,1,0.0
1084,0,107,16,1,0.0
1085,0,104,17,1,0.0
1086,0,114,17,1,0.0
1087,0,104,17,1,0.0
1088,0,109,17,1,0.0
1089,0,104,18,1,0.0
1090,0,107,18,1,0.0
1091,0,106,18,1,0.0
1092,0,104,18,1,0.0
1093,0,97,18,1,0.0
1094,0,103,18,1,0.0
1095,0,96,18,1,0.0
1096,0,100,19,1,0.0
1097,0,95,19,1,0.0
1098,0,96,19,1,0.0
1099,0,99,20,1,0.0
1100,0,100,20,1,0.0
1101,0,98,20,1,0.0
1102,0,94,21,1,0.0
1103,0,93,21,1,0.0
1104,0,112,22,1,0.0
1105,0,104,22,1,0.0
1106,0,79,22,1,0.0
1107,0,79,23,1,0.0
1108,1,102,6,1,0.0
1109,1,99,6,1,0.0
1110,1,96,6,1,0.0
1111,1,94,6,1,0.0
1112,1,94,6,1,0.0
1113,1,98,6,1,0.0
1114,1,105,6,1,0.0
1115,1,103,7,1,0.0
1116,1,103,7,1,0.0
1117,1,101,7,1,0.0
1118,1,103,7,1,0.0
1119,1,108,7,1,0.0
1120,1,104,7,1,0.0
1121,1,111,8,1,0.0
1122,1,109,8,1,0.0
1123,1,107,8,1,0.0
1124,1,111,8,1,0.0
1125,1,103,8,1,0.0
1126,1,103,9,1,0.0
1127,1,104,9,1,0.0
1128,1,116,9,1,0.0
1129,1,104,9,1,0.0
1130,1,105,9,1,0.0
1131,1,106,9,1,0.0
1132,1,98,9,1,0.0
1133,1,94,10,1,0.0
1134,1,103,10,1,0.0
1135,1,97,10,1,0.0
1136,1,97,10,1,0.0
1137,1,98,10,1,0.0
1138,1,99,10,1,0.0
1139,1,101,10,1,0.0
1140,1,96,11,1,0.0
1141,1,103,11,1,0.0
1142,1,90,11,1,0.0
1143,1,92,11,1,0.0
1144,1,107,11,1,0.0
1145,1,95,11,1,0.0
1146,1,102,12,1,0.0
1147,1,99,12,1,0.0
1148,1,97,12,1,0.0
1149,1,97,12,1,0.0
1150,1,99,12,1,0.0
1151,1,96,12,1,0.0
1152,1,100,13,1,0.0
1153,1,92,13,1,0.0
1154,1,98,13,1,0.0
1155,1,95,13,1,0.0
1156,1,95,13,1,0.0
1157,1,96,13,1,0.0
1158,1,93,14,1,0.0
1159,1,100,14,1,0.0
1160,1,97,14,1,0.0
1161,1,96,14,1,0.0
1162,1,96,14,1,0.0
1163,1,103,15,1,0.0
1164,1,105,15,1,0.0
1165,1,105,15,1,0.0
1166,1,105,15,1,0.0
1167,1,102,15,1,0.0
1168,1,110,15,1,0.0
1169,1,104,16,1,0.0
1170,1,105,16,1,0.0
1171,1,106,16,1,0.0
1172,1,109,16,1,0.0
1173,1,107,16,1,0.0
1174,1,105,16,1,0.0
1175,1,110,16,1,0.0
1176,1,105,17,1,0.0
1177,1,117,17,1,0.0
1178,1,110,17,1,0.0
1179,1,107,17,1,0.0
1180,1,110,17,1,0.0
1181,1,103,18,1,0.0
1182,1,104,18,1,0.0
1183,1,105,18,1,0.0
1184,1,111,18,1,0.0
1185,1,104,18,1,0.0
1186,1,105,18,1,0.0
1187,1,93,19,1,0.0
1188,1,93,19,1,0.0
1189,1,70,19,1,0.0
1190,1,99,20,1,0.0
1191,1,93,20,1,0.0
1192,1,99,20,1,0.0
1193,1,98,20,1,0.0
1194,1,94,21,1,0.0
1195,1,93,21,1,0.0
1196,1,104,21,1,0.0
1197,1,85,22,1,0.0
1198,1,82,22,1,0.0
1199,1,80,22,1,0.0
1200,2,98,6,1,0.0
1201,2,107,6,1,0.0
1202,2,91,6,1,0.0
1203,2,96,6,1,0.0
1204,2,107,6,1,0.0
1205,2,96,6,1,0.0
1206,2,106,6,1,0.0
1207,2,107,7,1,0.0
1208,2,99,7,1,0.0
1209,2,110,7,1,0.0
1210,2,104,7,1,0.0
1211,2,100,7,1,0.0
1212,2,105,7,1,0.0
1213,2,110,8,1,0.0
1214,2,109,8,1,0.0
1215,2,114,8,1,0.0
1216,2,109,8,1,0.0
1217,2,105,8,1,0.0
1218,2,103,9,1,0.0
1219,2,103,9,1,0.0
1220,2,104,9,1,0.0
1221,2,108,9,1,0.0
1222,2,104,9,1,0.0
1223,2,106,9,1,0.0
1224,2,97,9,1,0.0
1225,2,97,10,1,0.0
1226,2,97,10,1,0.0
1227,2,101,10,1,0.0
1228,2,96,10,1,0.0
1229,2,97,10,1,0.0
1230,2,91,10,1,0.0
1231,2,93,11,1,0.0
1232,2,97,11,1,0.0
1233,2,91,11,1,0.0
1234,2,81,11,1,0.0
1235,2,96,11,1,0.0
1236,2,95,11,1,0.0
1237,2,96,12,1,0.0
1238,2,102,12,1,0.0
1239,2,96,12,1,0.0
1240,2,95,12,1,0.0
1241,2,95,12,1,0.0
1242,2,96,12,1,0.0
1243,2,100,13,1,0.0
1244,2,95,13,1,0.0
1245,2,100,13,1,0.0
1246,2,93,13,1,0.0
1247,2,99,13,1,0.0
1248,2,97,13,1,0.0
1249,2,97,14,1,0.0
1250,2,94,14,1,0.0
1251,2,94,14,1,0.0
1252,2,94,14,1,0.0
1253,2,100,14,1,0.0
1254,2,105,14,1,0.0
1255,2,112,15,1,0.0
1256,2,103,15,1,0.0
1257,2,102,15,1,0.0
1258,2,108,15,1,0.0
1259,2,107,15,1,0.0
1260,2,103,16,1,0.0
1261,2,107,16,1,0.0
1262,2,93,16,1,0.0
1263,2,102,16,1,0.0
1264,2,106,16,1,0.0
1265,2,111,16,1,0.0
1266,2,124,16,1,0.0
1267,2,108,17,1,0.0
1268,2,117,17,1,0.0
1269,2,111,17,1,0.0
1270,2,109,17,1,0.0
1271,2,107,17,1,0.0
1272,2,112,17,1,0.0
1273,2,105,18,1,0.0
1274,2,107,18,1,0.0
1275,2,106,18,1,0.0
1276,2,111,18,1,0.0
1277,2,99,18,1,0.0
1278,2,100,19,1,0.0
1279,2,96,19,1,0.0
1280,2,96,19,1,0.0
1281,2,96,19,1,0.0
1282,2,95,20,1,0.0
1283,2,71,20,1,0.0
1284,2,97,20,1,0.0
1285,2,100,21,1,0.0
1286,2,114,21,1,0.0
1287,2,76,21,1,0.0
1288,2,76,22,1,0.0
1289,2,95,22,1,0.0
1290,2,85,23,1,0.0
1291,3,103,6,1,0.0
1292,3,96,6,1,0.0
1293,3,94,6,1,0.0
1294,3,99,6,1,0.0
1295,3,109,6,1,0.0
1296,3,102,6,1,0.0
1297,3,109,6,1,0.0
1298,3,103,7,1,0.0
1299,3,101,7,1,0.0
1300,3,106,7,1,0.0
1301,3,106,7,1,0.0
1302,3,104,7,1,0.0
1303,3,107,8,1,0.0
1304,3,113,8,1,0.0
1305,3,115,8,1,0.0
1306,3,113,8,1,0.0
1307,3,106,8,1,0.0
1308,3,106,8,1,0.0
1309,3,104,9,1,0.0
1310,3,105,9,1,0.0
1311,3,105,9,1,0.0
1312,3,106,9,1,0.0
1313,3,92,9,1,0.0
1314,3,93,10,1,0.0
1315,3,99,10,1,0.0
1316,3,93,10,1,0.0
1317,3,98,10,1,0.0
1318,3,93,10,1,0.0
1319,3,96,10,1,0.0
1320,3,96,10,1,0.0
1321,3,97,11,1,0.0
1322,3,97,11,1,0.0
1323,3,97,11,1,0.0
1324,3,93,11,1,0.0
1325,3,101,11,1,0.0
1326,3,95,11,1,0.0
1327,3,95,12,1,0.0
1328,3,101,12,1,0.0
1329,3,93,12,1,0.0
1330,3,99,12,1,0.0
1331,3,97,12,1,0.0
1332,3,97,12,1,0.0
1333,3,95,13,1,0.0
1334,3,95,13,1,0.0
1335,3,93,13,1,0.0
1336,3,96,13,1,0.0
1337,3,101,13,1,0.0
1338,3,100,13,1,0.0
1339,3,95,14,1,0.0
1340,3,94,14,1,0.0
1341,3,105,14,1,0.0
1342,3,93,14,1,0.0
1343,3,94,14,1,0.0
1344,3,104,15,1,0.0
1345,3,112,15,1,0.0
1346,3,102,15,1,0.0
1347,3,106,15,1,0.0
1348,3,109,15,1,0.0
1349,3,105,15,1,0.0
1350,3,106,15,1,0.0
1351,3,105,16,1,0.0
1352,3,109,16,1,0.0
1353,3,104,16,1,0.0
1354,3,109,16,1,0.0
1355,3,111,16,1,0.0
1356,3,109,16,1,0.0
1357,3,105,17,1,0.0
1358,3,108,17,1,0.0
1359,3,105,17,1,0.0
1360,3,107,17,1,0.0
1361,3,106,17,1,0.0
1362,3,110,17,1,0.0
1363,3,104,18,1,0.0
1364,3,96,18,1,0.0
1365,3,104,18,1,0.0
1366,3,104,18,1,0.0
1367,3,97,18,1,0.0
1368,3,93,19,1,0.0
1369,3,97,19,1,0.0
1370,3,102,19,1,0.0
1371,3,96,19,1,0.0
1372,3,94,20,1,0.0
1373,3,98,20,1,0.0
1374,3,98,20,1,0.0
1375,3,100,21,1,0.0
1376,3,93,21,1,0.0
1377,3,92,22,1,0.0
1378,3,76,22,1,0.0
1379,3,89,22,1,0.0
1380,3,83,22,1,0.0
1381,4,101,6,1,0.0
1382,4,109,6,1,0.0
1383,4,91,6,1,0.0
1384,4,96,6,1,0.0
1385,4,93,6,1,0.0
1386,4,99,6,1,0.0
1387,4,104,6,1,0.0
1388,4,104,7,1,0.0
1389,4,98,7,1,0.0
1390,4,104,7,1,0.0
1391,4,101,7,1,0.0
1392,4,115,7,1,0.0
1393,4,114,7,1,0.0
1394,4,111,8,1,0.0
1395,4,111,8,1,0.0
1396,4,113,8,1,0.0
1397,4,106,8,1,0.0
1398,4,103,8,1,0.0
1399,4,109,8,1,0.0
1400,4,105,9,1,0.0
1401,4,113,9,1,0.0
1402,4,103,9,1,0.0
1403,4,107,9,1,0.0
1404,4,106,9,1,0.0
1405,4,106,9,1,0.0
1406,4,104,9,1,0.0
1407,4,97,10,1,0.0
1408,4,97,10,1,0.0
1409,4,97,10,1,0.0
1410,4,97,10,1,0.0
1411,4,94,10,1,0.0
1412,4,97,10,1,0.0
1413,4,102,11,1,0.0
1414,4,93,11,1,0.0
1415,4,97,11,1,0.0
1416,4,93,11,1,0.0
1417,4,103,11,1,0.0
1418,4,94,11,1,0.0
1419,4,102,12,1,0.0
1420,4,104,12,1,0.0
1421,4,91,12,1,0.0
1422,4,96,12,1,0.0
1423,4,93,12,1,0.0
1424,4,96,13,1,0.0
1425,4,96,13,1,0.0
1426,4,96,13,1,0.0
1427,4,92,13,1,0.0
1428,4,93,13,1,0.0
1429,4,102,13,1,0.0
1430,4,93,14,1,0.0
1431,4,105,14,1,0.0
1432,4,100,14,1,0.0
1433,4,100,14,1,0.0
1434,4,102,14,1,0.0
1435,4,100,14,1,0.0
1436,4,108,15,1,0.0
1437,4,104,15,1,0.0
1438,4,106,15,1,0.0
1439,4,132,15,1,0.0
1440,4,110,15,1,0.0
1441,4,132,15,1,0.0
1442,4,115,16,1,0.0
1443,4,105,16,1,0.0
1444,4,114,16,1,0.0
1445,4,109,16,1,0.0
1446,4,110,16,1,0.0
1447,4,110,16,1,0.0
1448,4,110,16,1,0.0
1449,4,111,17,1,0.0
1450,4,110,17,1,0.0
1451,4,101,17,1,0.0
1452,4,107,17,1,0.0
1453,4,97,17,1,0.0
1454,4,103,18,1,0.0
1455,4,103,18,1,0.0
1456,4,106,18,1,0.0
1457,4,107,18,1,0.0
1458,4,103,18,1,0.0
1459,4,112,18,1,0.0
1460,4,95,18,1,0.0
1461,4,96,19,1,0.0
1462,4,96,19,1,0.0
1463,4,100,20,1,0.0
1464,4,46,20,1,0.0
1465,4,98,20,1,0.0
1466,4,104,20,1,0.0
1467,4,96,21,1,0.0
1468,4,99,21,1,0.0
1469,4,120,21,1,0.0
1470,4,87,22,1,0.0
1471,4,85,22,1,0.0
1472,4,98,22,1,0.0
1473,5,103,6,0,0.0
1474,5,95,6,0,0.0
1475,5,108,6,0,0.0
1476,5,101,7,0,0.0
1477,5,97,7,0,0.0
1478,5,100,7,0,0.0
1479,5,99,7,0,0.0
1480,5,99,8,0,0.0
1481,5,98,8,0,0.0
1482,5,106,8,0,0.0
1483,5,102,8,0,0.0
1484,5,96,9,0,0.0
1485,5,106,9,0,0.0
1486,5,107,9,0,0.0
1487,5,103,9,0,0.0
1488,5,102,10,0,0.0
1489,5,103,10,0,0.0
1490,5,108,10,0,0.0
1491,5,106,10,0,0.0
1492,5,103,11,0,0.0
1493,5,103,11,0,0.0
1494,5,103,11,0,0.0
1495,5,103,11,0,0.0
1496,5,103,12,0,0.0
1497,5,110,12,0,0.0
1498,5,101,12,0,0.0
1499,5,103,13,0,0.0
1500,5,98,13,0,0.0
1501,5,105,13,0,0.0
1502,5,99,13,0,0.0
1503,5,105,14,0,0.0
1504,5,108,14,0,0.0
1505,5,111,14,0,0.0
1506,5,109,14,0,0.0
1507,5,104,15,0,0.0
1508,5,107,15,0,0.0
1509,5,98,15,0,0.0
1510,5,102,15,0,0.0
1511,5,100,15,0,0.0
1512,5,98,16,0,0.0
1513,5,103,16,0,0.0
1514,5,129,16,0,0.0
1515,5,95,16,0,0.0
1516,5,102,17,0,0.0
1517,5,101,17,0,0.0
1518,5,92,17,0,0.0
1519,5,83,18,0,0.0
1520,5,101,18,0,0.0
1521,5,101,18,0,0.0
1522,5,93,19,0,0.0
1523,5,85,19,0,0.0
1524,5,95,19,0,0.0
1525,5,96,19,0,0.0
1526,5,94,20,0,0.0
1527,5,96,20,0,0.0
1528,5,95,20,0,0.0
1529,5,94,21,0,0.0
1530,5,94,21,0,0.0
1531,5,80,22,0,0.0
1532,5,87,22,0,0.0
1533,5,102,22,0,0.0
1534,5,110,23,0,0.0
1535,6,76,8,0,0.0
1536,6,74,9,0,0.0
1537,6,70,9,0,0.0
1538,6,70,10,0,0.0
1539,6,77,10,0,0.0
1540,6,75,10,0,0.0
1541,6,95,10,0,0.0
1542,6,99,11,0,0.0
1543,6,100,11,0,0.0
1544,6,95,11,0,0.0
1545,6,98,12,0,0.0
1546,6,98,12,0,0.0
1547,6,113,12,0,0.0
1548,6,131,13,0,0.0
1549,6,85,13,0,0.0
1550,6,96,13,0,0.0
1551,6,168,14,0,0.0
1552,6,95,14,0,0.0
1553,6,96,14,0,0.0
1554,6,85,15,0,0.0
1555,6,93,15,0,0.0
1556,6,98,16,0,0.0
1557,6,97,16,0,0.0
1558,6,99,16,0,0.0
1559,6,98,16,0,0.0
1560,6,92,17,0,0.0
1561,6,97,17,0,0.0
1562,6,93,17,0,0.0
1563,6,97,18,0,0.0
1564,6,69,18,0,0.0
1565,6,91,18,0,0.0
1566,6,80,19,0,0.0
1567,6,86,19,0,0.0
1568,6,86,20,0,0.0
1569,6,82,21,0,0.0
1570,6,75,21,0,0.0
1571,6,77,21,0,0.0
1572,6,78,22,0,0.0
1573,6,83,22,0,0.0
1574,0,98,6,1,0.0
1575,0,107,6,1,0.0
1576,0,91,6,1,0.0
1577,0,105,6,1,0.0
1578,0,92,6,1,0.0
1579,0,94,6,1,0.0
1580,0,106,6,1,0.0
1581,0,102,7,1,0.0
1582,0,95,7,1,0.0
1583,0,104,7,1,0.0
1584,0,102,7,1,0.0
1585,0,114,7,1,0.0
1586,0,100,7,1,0.0
1587,0,106,8,1,0.0
1588,0,110,8,1,0.0
1589,0,110,8,1,0.0
1590,0,108,8,1,0.0
1591,0,54,8,1,0.0
1592,0,103,8,1,0.0
1593,0,104,9,1,0.0
1594,0,109,9,1,0.0
1595,0,103,9,1,0.0
1596,0,111,9,1,0.0
1597,0,91,9,1,0.0
1598,0,96,9,1,0.0
1599,0,99,10,1,0.0
1600,0,97,10,1,0.0
1601,0,99,10,1,0.0
1602,0,87,10,1,0.0
1603,0,93,11,1,0.0
1604,0,76,11,1,0.0
1605,0,92,11,1,0.0
1606,0,97,11,1,0.0
1607,0,94,11,1,0.0
1608,0,93,11,1,0.0
1609,0,97,11,1,0.0
1610,0,90,12,1,0.0
1611,0,95,12,1,0.0
1612,0,112,12,1,0.0
1613,0,93,12,1,0.0
1614,0,95,12,1,0.0
1615,0,96,12,1,0.0
1616,0,99,13,1,0.0
1617,0,98,13,1,0.0
1618,0,99,13,1,0.0
1619,0,95,13,1,0.0
1620,0,96,13,1,0.0
1621,0,96,13,1,0.0
1622,0,95,14,1,0.0
1623,0,96,14,1,0.0
1624,0,98,14,1,0.0
1625,0,97,14,1,0.0
1626,0,100,14,1,0.0
1627,0,110,15,1,0.0
1628,0,104,15,1,0.0
1629,0,105,15,1,0.0
1630,0,103,15,1,0.0
1631,0,103,15,1,0.0
1632,0,109,15,1,0.0
1633,0,103,16,1,0.0
1634,0,104,16,1,0.0
1635,0,109,16,1,0.0
1636,0,105,16,1,0.0
1637,0,110,16,1,0.0
1638,0,115,16,1,0.0
1639,0,107,16,1,0.0
1640,0,105,17,1,0.0
1641,0,107,17,1,0.0
1642,0,105,17,1,0.0
1643,0,109,17,1,0.0
1644,0,105,17,1,0.0
1645,0,106,17,1,0.0
1646,0,105,18,1,0.0
1647,0,80,18,1,0.0
1648,0,105,18,1,0.0
1649,0,101,18,1,0.0
1650,0,88,18,1,0.0
1651,0,92,19,1,0.0
1652,0,94,19,1,0.0
1653,0,93,19,1,0.0
1654,0,99,19,1,0.0
1655,0,105,20,1,0.0
1656,0,98,20,1,0.0
1657,0,99,20,1,0.0
1658,0,101,21,1,0.0
1659,0,97,21,1,0.0
1660,0,91,21,1,0.0
1661,0,70,22,1,0.0
1662,0,79,22,1,0.0
1663,0,83,23,1,0.0
1664,1,98,6,1,0.0
1665,1,95,6,1,0.0
1666,1,103,6,1,0.0
1667,1,103,6,1,0.0
1668,1,96,6,1,0.0
1669,1,99,6,1,0.0
1670,1,105,6,1,0.0
1671,1,104,7,1,0.0
1672,1,100,7,1,0.0
1673,1,104,7,1,0.0
1674,1,107,7,1,0.0
1675,1,108,7,1,0.0
1676,1,114,7,1,0.0
1677,1,106,8,1,0.0
1678,1,110,8,1,0.0
1679,1,110,8,1,0.0
1680,1,109,8,1,0.0
1681,1,108,8,1,0.0
1682,1,104,8,1,0.0
1683,1,104,9,1,0.0
1684,1,102,9,1,0.0
1685,1,101,9,1,0.0
1686,1,103,9,1,0.0
1687,1,165,9,1,0.0
1688,1,98,9,1,0.0
1689,1,99,10,1,0.0
1690,1,101,10,1,0.0
1691,1,98,10,1,0.0
1692,1,98,10,1,0.0
1693,1,96,10,1,0.0
1694,1,98,10,1,0.0
1695,1,93,11,1,0.0
1696,1,98,11,1,0.0
1697,1,97,11,1,0.0
1698,1,99,11,1,0.0
1699,1,103,11,1,0.0
1700,1,96,11,1,0.0
1701,1,104,12,1,0.0
1702,1,96,12,1,0.0
1703,1,92,12,1,0.0
1704,1,95,12,1,0.0
1705,1,93,12,1,0.0
1706,1,102,13,1,0.0
1707,1,99,13,1,0.0
1708,1,99,13,1,0.0
1709,1,94,13,1,0.0
1710,1,98,13,1,0.0
1711,1,95,13,1,0.0
1712,1,96,13,1,0.0
1713,1,94,14,1,0.0
1714,1,94,14,1,0.0
1715,1,93,14,1,0.0
1716,1,94,14,1,0.0
1717,1,93,14,1,0.0
1718,1,112,14,1,0.0
1719,1,107,15,1,0.0
1720,1,102,15,1,0.0
1721,1,104,15,1,0.0
1722,1,102,15,1,0.0
1723,1,109,15,1,0.0
1724,1,107,16,1,0.0
1725,1,114,16,1,0.0
1726,1,108,16,1,0.0
1727,1,104,16,1,0.0
1728,1,110,16,1,0.0
1729,1,110,16,1,0.0
1730,1,113,16,1,0.0
1731,1,111,17,1,0.0
1732,1,117,17,1,0.0
1733,1,105,17,1,0.0
1734,1,113,17,1,0.0
1735,1,111,17,1,0.0
1736,1,111,17,1,0.0
1737,1,103,18,1,0.0
1738,1,101,18,1,0.0
1739,1,103,18,1,0.0
1740,1,104,18,1,0.0
1741,1,106,18,1,0.0
1742,1,100,18,1,0.0
1743,1,92,19,1,0.0
1744,1,95,19,1,0.0
1745,1,96,19,1,0.0
1746,1,93,20,1,0.0
1747,1,98,20,1,0.0
1748,1,104,20,1,0.0
1749,1,99,21,1,0.0
1750,1,97,21,1,0.0
1751,1,92,21,1,0.0
1752,1,73,22,1,0.0
1753,1,83,22,1,0.0
1754,1,79,23,1,0.0
1755,2,105,6,1,0.0
1756,2,103,6,1,0.0
1757,2,92,6,1,0.0
1758,2,103,6,1,0.0
1759,2,93,6,1,0.0
1760,2,106,6,1,0.0
1761,2,102,7,1,0.0
1762,2,100,7,1,0.0
1763,2,107,7,1,0.0
1764,2,107,7,1,0.0
1765,2,109,7,1,0.0
1766,2,110,7,1,0.0
1767,2,114,7,1,0.0
1768,2,109,8,1,0.0
1769,2,109,8,1,0.0
1770,2,115,8,1,0.0
1771,2,109,8,1,0.0
1772,2,106,8,1,0.0
1773,2,105,8,1,0.0
1774,2,109,9,1,0.0
1775,2,103,9,1,0.0
1776,2,103,9,1,0.0
1777,2,108,9,1,0.0
1778,2,92,9,1,0.0
1779,2,99,9,1,0.0
1780,2,92,10,1,0.0
1781,2,93,10,1,0.0
1782,2,99,10,1,0.0
1783,2,98,10,1,0.0
1784,2,97,10,1,0.0
1785,2,100,10,1,0.0
1786,2,94,11,1,0.0
1787,2,97,11,1,0.0
1788,2,134,11,1,0.0
1789,2,92,11,1,0.0
1790,2,93,11,1,0.0
1791,2,94,11,1,0.0
1792,2,95,12,1,0.0
1793,2,95,12,1,0.0
1794,2,95,12,1,0.0
1795,2,94,12,1,0.0
1796,2,96,12,1,0.0
1797,2,97,12,1,0.0
1798,2,99,13,1,0.0
1799,2,98,13,1,0.0
1800,2,94,13,1,0.0
1801,2,99,13,1,0.0
1802,2,95,13,1,0.0
1803,2,96,13,1,0.0
1804,2,98,14,1,0.0
1805,2,102,14,1,0.0
1806,2,94,14,1,0.0
1807,2,89,14,1,0.0
1808,2,90,14,1,0.0
1809,2,102,15,1,0.0
1810,2,103,15,1,0.0
1811,2,110,15,1,0.0
1812,2,104,15,1,0.0
1813,2,103,15,1,0.0
1814,2,105,15,1,0.0
1815,2,103,16,1,0.0
1816,2,117,16,1,0.0
1817,2,104,16,1,0.0
1818,2,104,16,1,0.0
1819,2,105,16,1,0.0
1820,2,111,16,1,0.0
1821,2,109,16,1,0.0
1822,2,122,17,1,0.0
1823,2,125,17,1,0.0
1824,2,110,17,1,0.0
1825,2,109,17,1,0.0
1826,2,105,17,1,0.0
1827,2,104,17,1,0.0
1828,2,102,18,1,0.0
1829,2,65,18,1,0.0
1830,2,106,18,1,0.0
1831,2,105,18,1,0.0
1832,2,108,18,1,0.0
1833,2,92,19,1,0.0
1834,2,94,19,1,0.0
1835,2,93,19,1,0.0
1836,2,99,19,1,0.0
1837,2,100,20,1,0.0
1838,2,98,20,1,0.0
1839,2,95,20,1,0.0
1840,2,96,21,1,0.0
1841,2,93,21,1,0.0
1842,2,88,21,1,0.0
1843,2,77,22,1,0.0
1844,2,86,22,1,0.0
1845,2,90,23,1,0.0
1846,3,96,6,1,0.0
1847,3,104,6,1,0.0
1848,3,98,6,1,0.0
1849,3,96,6,1,0.0
1850,3,89,6,1,0.0
1851,3,99,6,1,0.0
1852,3,102,7,1,0.0
1853,3,107,7,1,0.0
1854,3,103,7,1,0.0
1855,3,104,7,1,0.0
1856,3,108,7,1,0.0
1857,3,110,7,1,0.0
1858,3,118,7,1,0.0
1859,3,111,8,1,0.0
1860,3,112,8,1,0.0
1861,3,108,8,1,0.0
1862,3,109,8,1,0.0
1863,3,103,8,1,0.0
1864,3,111,9,1,0.0
1865,3,101,9,1,0.0
1866,3,109,9,1,0.0
1867,3,104,9,1,0.0
1868,3,110,9,1,0.0
1869,3,98,9,1,0.0
1870,3,97,9,1,0.0
1871,3,99,10,1,0.0
1872,3,97,10,1,0.0
1873,3,96,10,1,0.0
1874,3,104,10,1,0.0
1875,3,97,10,1,0.0
1876,3,93,11,1,0.0
1877,3,97,11,1,0.0
1878,3,100,11,1,0.0
1879,3,96,11,1,0.0
1880,3,93,11,1,0.0
1881,3,93,11,1,0.0
1882,3,98,11,1,0.0
1883,3,93,12,1,0.0
1884,3,96,12,1,0.0
1885,3,93,12,1,0.0
1886,3,94,12,1,0.0
1887,3,93,12,1,0.0
1888,3,96,12,1,0.0
1889,3,99,13,1,0.0
1890,3,101,13,1,0.0
1891,3,93,13,1,0.0
1892,3,94,13,1,0.0
1893,3,101,13,1,0.0
1894,3,96,13,1,0.0
1895,3,94,14,1,0.0
1896,3,94,14,1,0.0
1897,3,91,14,1,0.0
1898,3,93,14,1,0.0
1899,3,95,14,1,0.0
1900,3,102,15,1,0.0
1901,3,110,15,1,0.0
1902,3,99,15,1,0.0
1903,3,101,15,1,0.0
1904,3,103,15,1,0.0
1905,3,109,15,1,0.0
1906,3,111,15,1,0.0
1907,3,107,16,1,0.0
1908,3,109,16,1,0.0
1909,3,105,16,1,0.0
1910,3,113,16,1,0.0
1911,3,104,16,1,0.0
1912,3,105,16,1,0.0
1913,3,111,17,1,0.0
1914,3,92,17,1,0.0
1915,3,108,17,1,0.0
1916,3,106,17,1,0.0
1917,3,104,17,1,0.0
1918,3,111,17,1,0.0
1919,3,109,18,1,0.0
1920,3,77,18,1,0.0
1921,3,103,18,1,0.0
1922,3,104,18,1,0.0
1923,3,102,18,1,0.0
1924,3,93,19,1,0.0
1925,3,97,19,1,0.0
1926,3,93,19,1,0.0
1927,3,97,20,1,0.0
1928,3,99,20,1,0.0
1929,3,98,20,1,0.0
1930,3,97,20,1,0.0
1931,3,98,21,1,0.0
1932,3,90,21,1,0.0
1933,3,87,21,1,0.0
1934,3,96,22,1,0.0
1935,3,91,22,1,0.0
1936,3,91,23,1,0.0
1937,4,103,6,1,0.0
1938,4,103,6,1,0.0
1939,4,104,6,1,0.0
1940,4,92,6,1,0.0
1941,4,96,6,1,0.0
1942,4,100,6,1,0.0
1943,4,105,6,1,0.0
1944,4,106,7,1,0.0
1945,4,110,7,1,0.0
1946,4,92,7,1,0.0
1947,4,137,7,1,0.0
1948,4,120,7,1,0.0
1949,4,100,7,1,0.0
1950,4,110,8,1,0.0
1951,4,113,8,1,0.0
1952,4,109,8,1,0.0
1953,4,109,8,1,0.0
1954,4,109,8,1,0.0
1955,4,96,9,1,0.0
1956,4,103,9,1,0.0
1957,4,101,9,1,0.0
1958,4,110,9,1,0.0
1959,4,105,9,1,0.0
1960,4,96,9,1,0.0
1961,4,98,9,1,0.0
1962,4,100,10,1,0.0
1963,4,97,10,1,0.0
1964,4,97,10,1,0.0
1965,4,102,10,1,0.0
1966,4,96,10,1,0.0
1967,4,101,10,1,0.0
1968,4,100,11,1,0.0
1969,4,96,11,1,0.0
1970,4,94,11,1,0.0
1971,4,93,11,1,0.0
1972,4,92,11,1,0.0
1973,4,97,11,1,0.0
1974,4,103,12,1,0.0
1975,4,99,12,1,0.0
1976,4,98,12,1,0.0
1977,4,102,12,1,0.0
1978,4,45,13,1,0.0
1979,4,87,13,1,0.0
1980,4,95,13,1,0.0
1981,4,99,13,1,0.0
1982,4,99,13,1,0.0
1983,4,94,13,1,0.0
1984,4,100,13,1,0.0
1985,4,101,13,1,0.0
1986,4,123,14,1,0.0
1987,4,102,14,1,0.0
1988,4,94,14,1,0.0
1989,4,132,14,1,0.0
1990,4,112,14,1,0.0
1991,4,112,14,1,0.0
1992,4,105,15,1,0.0
1993,4,109,15,1,0.0
1994,4,104,15,1,0.0
1995,4,103,15,1,0.0
1996,4,98,15,1,0.0
1997,4,116,16,1,0.0
1998,4,113,16,1,0.0
1999,4,108,16,1,0.0
2000,4,121,16,1,0.0
2001,4,105,16,1,0.0
2002,4,102,16,1,0.0
2003,4,118,16,1,0.0
2004,4,115,17,1,0.0
2005,4,117,17,1,0.0
2006,4,107,17,1,0.0
2007,4,114,17,1,0.0
2008,4,105,17,1,0.0
2009,4,104,17,1,0.0
2010,4,103,18,1,0.0
2011,4,110,18,1,0.0
2012,4,101,18,1,0.0
2013,4,117,18,1,0.0
2014,4,120,18,1,0.0
2015,4,92,19,1,0.0
2016,4,100,19,1,0.0
2017,4,98,19,1,0.0
2018,4,118,20,1,0.0
2019,4,99,20,1,0.0
2020,4,104,20,1,0.0
2021,4,101,21,1,0.0
2022,4,91,21,1,0.0
2023,4,105,21,1,0.0
2024,4,99,22,1,0.0
2025,4,80,22,1,0.0
2026,4,60,22,1,0.0
2027,1,74,9,1,0.0
2028,1,66,9,1,0.0
2029,1,79,9,1,0.0
2030,1,76,9,1,0.0
2031,1,77,10,1,0.0
2032,1,81,10,1,0.0
2033,1,93,11,1,0.0
2034,1,96,11,1,0.0
2035,1,103,11,1,0.0
2036,1,95,11,1,0.0
2037,1,103,12,1,0.0
2038,1,97,12,1,0.0
2039,1,102,12,1,0.0
2040,1,99,13,1,0.0
2041,1,96,13,1,0.0
2042,1,92,14,1,0.0
2043,1,93,14,1,0.0
2044,1,103,14,1,0.0
2045,1,96,14,1,0.0
2046,1,97,15,1,0.0
2047,1,99,15,1,0.0
2048,1,104,15,1,0.0
2049,1,97,16,1,0.0
2050,1,94,16,1,0.0
2051,1,99,16,1,0.0
2052,1,99,17,1,0.0
2053,1,97,17,1,0.0
2054,1,85,18,1,0.0
2055,1,96,18,1,0.0
2056,1,82,18,1,0.0
2057,1,87,18,1,0.0
2058,1,84,19,1,0.0
2059,1,87,19,1,0.0
2060,1,81,20,1,0.0
2061,1,87,20,1,0.0
2062,1,80,21,1,0.0
2063,1,73,22,1,0.0
2064,1,73,22,1,0.0
2065,1,76,22,1,0.0
2066,2,100,6,1,0.0
2067,2,99,6,1,0.0
2068,2,102,6,1,0.0
2069,2,102,6,1,0.0
2070,2,104,6,1,0.0
2071,2,104,6,1,0.0
2072,2,109,6,1,0.0
2073,2,104,7,1,0.0
2074,2,98,7,1,0.0
2075,2,104,7,1,0.0
2076,2,108,7,1,0.0
2077,2,113,7,1,0.0
2078,2,99,7,1,0.0
2079,2,105,8,1,0.0
2080,2,113,8,1,0.0
2081,2,117,8,1,0.0
2082,2,106,8,1,0.0
2083,2,103,8,1,0.0
2084,2,108,8,1,0.0
2085,2,108,9,1,0.0
2086,2,104,9,1,0.0
2087,2,100,9,1,0.0
2088,2,109,9,1,0.0
2089,2,88,9,1,0.0
2090,2,99,9,1,0.0
2091,2,99,10,1,0.0
2092,2,104,10,1,0.0
2093,2,31,10,1,0.0
2094,2,99,10,1,0.0
2095,2,93,10,1,0.0
2096,2,120,10,1,0.0
2097,2,96,11,1,0.0
2098,2,100,11,1,0.0
2099,2,103,11,1,0.0
2100,2,101,11,1,0.0
2101,2,96,11,1,0.0
2102,2,94,11,1,0.0
2103,2,95,12,1,0.0
2104,2,143,12,1,0.0
2105,2,108,12,1,0.0
2106,2,94,12,1,0.0
2107,2,102,12,1,0.0
2108,2,99,12,1,0.0
2109,2,92,13,1,0.0
2110,2,99,13,1,0.0
2111,2,95,13,1,0.0
2112,2,93,13,1,0.0
2113,2,95,13,1,0.0
2114,2,92,14,1,0.0
2115,2,94,14,1,0.0
2116,2,93,14,1,0.0
2117,2,95,14,1,0.0
2118,2,99,14,1,0.0
2119,2,96,14,1,0.0
2120,2,104,15,1,0.0
2121,2,105,15,1,0.0
2122,2,107,15,1,0.0
2123,2,105,15,1,0.0
2124,2,105,15,1,0.0
2125,2,104,15,1,0.0
2126,2,105,16,1,0.0
2127,2,67,16,1,0.0
2128,2,108,16,1,0.0
2129,2,103,16,1,0.0
2130,2,102,16,1,0.0
2131,2,105,16,1,0.0
2132,2,105,16,1,0.0
2133,2,105,17,1,0.0
2134,2,117,17,1,0.0
2135,2,109,17,1,0.0
2136,2,105,17,1,0.0
2137,2,105,17,1,0.0
2138,2,107,17,1,0.0
2139,2,107,18,1,0.0
2140,2,88,18,1,0.0
2141,2,103,18,1,0.0
2142,2,91,18,1,0.0
2143,2,86,18,1,0.0
2144,2,93,19,1,0.0
2145,2,93,19,1,0.0
2146,2,93,19,1,0.0
2147,2,101,19,1,0.0
2148,2,99,20,1,0.0
2149,2,99,20,1,0.0
2150,2,101,20,1,0.0
2151,2,95,21,1,0.0
2152,2,100,21,1,0.0
2153,2,75,21,1,0.0
2154,2,84,22,1,0.0
2155,2,93,22,1,0.0
2156,2,84,22,1,0.0
2157,3,107,6,1,0.0
2158,3,101,6,1,0.0
2159,3,104,6,1,0.0
2160,3,100,6,1,0.0
2161,3,108,6,1,0.0
2162,3,103,6,1,0.0
2163,3,112,6,1,0.0
2164,3,102,7,1,0.0
2165,3,104,7,1,0.0
2166,3,104,7,1,0.0
2167,3,101,7,1,0.0
2168,3,112,7,1,0.0
2169,3,114,7,1,0.0
2170,3,108,8,1,0.0
2171,3,109,8,1,0.0
2172,3,109,8,1,0.0
2173,3,110,8,1,0.0
2174,3,108,8,1,0.0
2175,3,103,9,1,0.0
2176,3,102,9,1,0.0
2177,3,106,9,1,0.0
2178,3,113,9,1,0.0
2179,3,109,9,1,0.0
2180,3,97,9,1,0.0
2181,3,97,9,1,0.0
2182,3,101,10,1,0.0
2183,3,96,10,1,0.0
2184,3,101,10,1,0.0
2185,3,97,10,1,0.0
2186,3,99,10,1,0.0
2187,3,85,10,1,0.0
2188,3,97,11,1,0.0
2189,3,96,11,1,0.0
2190,3,96,11,1,0.0
2191,3,100,11,1,0.0
2192,3,101,11,1,0.0
2193,3,95,11,1,0.0
2194,3,98,12,1,0.0
2195,3,97,12,1,0.0
2196,3,99,12,1,0.0
2197,3,96,12,1,0.0
2198,3,102,12,1,0.0
2199,3,96,12,1,0.0
2200,3,95,13,1,0.0
2201,3,99,13,1,0.0
2202,3,95,13,1,0.0
2203,3,97,13,1,0.0
2204,3,95,13,1,0.0
2205,3,94,13,1,0.0
2206,3,94,14,1,0.0
2207,3,94,14,1,0.0
2208,3,94,14,1,0.0
2209,3,91,14,1,0.0
2210,3,95,14,1,0.0
2211,3,104,15,1,0.0
2212,3,105,15,1,0.0
2213,3,104,15,1,0.0
2214,3,106,15,1,0.0
2215,3,102,15,1,0.0
2216,3,110,15,1,0.0
2217,3,104,16,1,0.0
2218,3,104,16,1,0.0
2219,3,110,16,1,0.0
2220,3,107,16,1,0.0
2221,3,105,16,1,0.0
2222,3,111,16,1,0.0
2223,3,105,16,1,0.0
2224,3,105,17,1,0.0
2225,3,113,17,1,0.0
2226,3,112,17,1,0.0
2227,3,109,17,1,0.0
2228,3,163,17,1,0.0
2229,3,105,18,1,0.0
2230,3,94,18,1,0.0
2231,3,107,18,1,0.0
2232,3,105,18,1,0.0
2233,3,101,18,1,0.0
2234,3,99,19,1,0.0
2235,3,91,19,1,0.0
2236,3,96,19,1,0.0
2237,3,91,20,1,0.0
2238,3,99,20,1,0.0
2239,3,99,20,1,0.0
2240,3,98,20,1,0.0
2241,3,98,21,1,0.0
2242,3,93,21,1,0.0
2243,3,78,21,1,0.0
2244,3,84,22,1,0.0
2245,3,87,22,1,0.0
2246,3,87,22,1,0.0
2247,4,100,6,1,0.0
2248,4,98,6,1,0.0
2249,4,103,6,1,0.0
2250,4,109,6,1,0.0
2251,4,103,6,1,0.0
2252,4,103,6,1,0.0
2253,4,103,7,1,0.0
2254,4,104,7,1,0.0
2255,4,99,7,1,0.0
2256,4,104,7,1,0.0
2257,4,106,7,1,0.0
2258,4,142,7,1,0.0
2259,4,107,7,1,0.0
2260,4,107,8,1,0.0
2261,4,110,8,1,0.0
2262,4,111,8,1,0.0
2263,4,113,8,1,0.0
2264,4,108,8,1,0.0
2265,4,114,8,1,0.0
2266,4,120,9,1,0.0
2267,4,105,9,1,0.0
2268,4,104,9,1,0.0
2269,4,112,9,1,0.0
2270,4,90,9,1,0.0
2271,4,97,9,1,0.0
2272,4,103,10,1,0.0
2273,4,96,10,1,0.0
2274,4,100,10,1,0.0
2275,4,97,10,1,0.0
2276,4,93,10,1,0.0
2277,4,100,10,1,0.0
2278,4,104,11,1,0.0
2279,4,94,11,1,0.0
2280,4,90,11,1,0.0
2281,4,102,11,1,0.0
2282,4,94,11,1,0.0
2283,4,94,12,1,0.0
2284,4,94,12,1,0.0
2285,4,96,12,1,0.0
2286,4,106,12,1,0.0
2287,4,102,12,1,0.0
2288,4,99,12,1,0.0
2289,4,103,12,1,0.0
2290,4,99,12,1,0.0
2291,4,95,13,1,0.0
2292,4,98,13,1,0.0
2293,4,95,13,1,0.0
2294,4,101,13,1,0.0
2295,4,137,13,1,0.0
2296,4,101,13,1,0.0
2297,4,89,14,1,0.0
2298,4,93,14,1,0.0
2299,4,94,14,1,0.0
2300,4,94,14,1,0.0
2301,4,95,14,1,0.0
2302,4,102,15,1,0.0
2303,4,102,15,1,0.0
2304,4,103,15,1,0.0
2305,4,122,15,1,0.0
2306,4,104,15,1,0.0
2307,4,108,15,1,0.0
2308,4,102,16,1,0.0
2309,4,112,16,1,0.0
2310,4,105,16,1,0.0
2311,4,107,16,1,0.0
2312,4,104,16,1,0.0
2313,4,105,16,1,0.0
2314,4,37,16,1,0.0
2315,4,103,17,1,0.0
2316,4,105,17,1,0.0
2317,4,105,17,1,0.0
2318,4,110,17,1,0.0
2319,4,107,17,1,0.0
2320,4,115,17,1,0.0
2321,4,105,18,1,0.0
2322,4,95,18,1,0.0
2323,4,103,18,1,0.0
2324,4,96,18,1,0.0
2325,4,109,18,1,0.0
2326,4,93,19,1,0.0
2327,4,93,19,1,0.0
2328,4,96,19,1,0.0
2329,4,86,19,1,0.0
2330,4,99,20,1,0.0
2331,4,75,20,1,0.0
2332,4,99,20,1,0.0
2333,4,94,21,1,0.0
2334,4,98,21,1,0.0
2335,4,88,21,1,0.0
2336,4,88,22,1,0.0
2337,4,92,22,1,0.0
2338,4,88,22,1,0.0
2339,5,104,6,0,0.0
2340,5,95,6,0,0.0
2341,5,94,7,0,0.0
2342,5,103,7,0,0.0
2343,5,98,7,0,0.0
2344,5,95,7,0,0.0
2345,5,107,7,0,0.0
2346,5,116,8,0,0.0
2347,5,101,8,0,0.0
2348,5,112,8,0,0.0
2349,5,92,8,0,0.0
2350,5,101,8,0,0.0
2351,5,121,9,0,0.0
2352,5,109,9,0,0.0
2353,5,100,9,0,0.0
2354,5,107,9,0,0.0
2355,5,103,10,0,0.0
2356,5,103,10,0,0.0
2357,5,107,10,0,0.0
2358,5,116,10,0,0.0
2359,5,103,11,0,0.0
2360,5,103,11,0,0.0
2361,5,105,11,0,0.0
2362,5,103,11,0,0.0
2363,5,103,12,0,0.0
2364,5,110,12,0,0.0
2365,5,99,12,0,0.0
2366,5,97,13,0,0.0
2367,5,106,13,0,0.0
2368,5,101,13,0,0.0
2369,5,102,13,0,0.0
2370,5,115,13,0,0.0
2371,5,102,14,0,0.0
2372,5,108,14,0,0.0
2373,5,99,14,0,0.0
2374,5,101,14,0,0.0
2375,5,99,15,0,0.0
2376,5,107,15,0,0.0
2377,5,102,15,0,0.0
2378,5,101,15,0,0.0
2379,5,102,16,0,0.0
2380,5,118,16,0,0.0
2381,5,78,16,0,0.0
2382,5,95,16,0,0.0
2383,5,106,17,0,0.0
2384,5,105,17,0,0.0
2385,5,96,17,0,0.0
2386,5,96,17,0,0.0
2387,5,98,18,0,0.0
2388,5,94,18,0,0.0
2389,5,97,18,0,0.0
2390,5,98,19,0,0.0
2391,5,96,19,0,0.0
2392,5,94,19,0,0.0
2393,5,95,20,0,0.0
2394,5,99,20,0,0.0
2395,5,94,20,0,0.0
2396,5,99,21,0,0.0
2397,5,100,21,0,0.0
2398,5,97,22,0,0.0
2399,5,85,22,0,0.0
2400,5,84,22,0,0.0
2401,5,85,22,0,0.0
2402,6,75,9,0,0.0
2403,6,74,9,0,0.0
2404,6,76,9,0,0.0
2405,6,77,9,0,0.0
2406,6,76,10,0,0.0
2407,6,75,10,0,0.0
2408,6,96,10,0,0.0
2409,6,95,11,0,0.0
2410,6,97,11,0,0.0
2411,6,99,11,0,0.0
2412,6,93,12,0,0.0
2413,6,98,12,0,0.0
2414,6,61,12,0,0.0
2415,6,99,13,0,0.0
2416,6,100,13,0,0.0
2417,6,96,13,0,0.0
2418,6,96,14,0,0.0
2419,6,100,14,0,0.0
2420,6,165,14,0,0.0
2421,6,106,15,0,0.0
2422,6,97,15,0,0.0
2423,6,101,15,0,0.0
2424,6,109,16,0,0.0
2425,6,95,16,0,0.0
2426,6,94,16,0,0.0
2427,6,99,17,0,0.0
2428,6,85,17,0,0.0
2429,6,84,18,0,0.0
2430,6,97,18,0,0.0
2431,6,99,18,0,0.0
2432,6,82,19,0,0.0
2433,6,83,19,0,0.0
2434,6,99,19,0,0.0
2435,6,89,20,0,0.0
2436,6,87,20,0,0.0
2437,6,75,21,0,0.0
2438,6,78,21,0,0.0
2439,6,74,22,0,0.1
2440,0,98,6,1,0.1
2441,0,97,6,1,0.1
2442,0,95,6,1,0.1
2443,0,91,6,1,0.1
2444,0,94,6,1,0.1
2445,0,96,6,1,0.1
2446,0,108,6,1,0.1
2447,0,102,7,1,0.0
2448,0,103,7,1,0.0
2449,0,111,7,1,0.0
2450,0,103,7,1,0.0
2451,0,106,7,1,0.0
2452,0,105,7,1,0.0
2453,0,117,8,1,0.1
2454,0,118,8,1,0.1
2455,0,114,8,1,0.1
2456,0,109,8,1,0.1
2457,0,108,8,1,0.1
2458,0,109,9,1,0.3
2459,0,104,9,1,0.3
2460,0,103,9,1,0.3
2461,0,103,9,1,0.3
2462,0,104,9,1,0.3
2463,0,91,9,1,0.3
2464,0,94,9,1,0.3
2465,0,99,10,1,0.0
2466,0,92,10,1,0.0
2467,0,103,10,1,0.0
2468,0,97,10,1,0.0
2469,0,95,10,1,0.0
2470,0,97,10,1,0.0
2471,0,99,11,1,0.1
2472,0,97,11,1,0.1
2473,0,102,11,1,0.1
2474,0,98,11,1,0.1
2475,0,95,11,1,0.1
2476,0,96,12,1,0.1
2477,0,94,12,1,0.1
2478,0,97,12,1,0.1
2479,0,95,12,1,0.1
2480,0,101,12,1,0.1
2481,0,98,12,1,0.1
2482,0,95,12,1,0.1
2483,0,95,13,1,0.0
2484,0,95,13,1,0.0
2485,0,100,13,1,0.0
2486,0,95,13,1,0.0
2487,0,155,13,1,0.0
2488,0,99,13,1,0.0
2489,0,94,14,1,0.1
2490,0,93,14,1,0.1
2491,0,94,14,1,0.1
2492,0,93,14,1,0.1
2493,0,92,14,1,0.1
2494,0,103,15,1,0.0
2495,0,98,15,1,0.0
2496,0,108,15,1,0.0
2497,0,106,15,1,0.0
2498,0,54,15,1,0.0
2499,0,103,15,1,0.0
2500,0,109,15,1,0.0
2501,0,103,16,1,0.2
2502,0,109,16,1,0.2
2503,0,103,16,1,0.2
2504,0,102,16,1,0.2
2505,0,104,16,1,0.2
2506,0,112,16,1,0.2
2507,0,111,16,1,0.2
2508,0,106,17,1,0.0
2509,0,116,17,1,0.0
2510,0,225,17,1,0.0
2511,0,109,17,1,0.0
2512,0,109,17,1,0.0
2513,0,115,17,1,0.0
2514,0,108,18,1,0.0
2515,0,105,18,1,0.0
2516,0,104,18,1,0.0
2517,0,94,18,1,0.0
2518,0,102,18,1,0.0
2519,0,100,19,1,0.0
2520,0,99,19,1,0.0
2521,0,100,19,1,0.0
2522,0,102,19,1,0.0
2523,0,98,20,1,0.0
2524,0,99,20,1,0.0
2525,0,98,20,1,0.0
2526,0,94,21,1,0.0
2527,0,91,21,1,0.0
2528,0,91,21,1,0.0
2529,0,73,22,1,0.0
2530,0,76,22,1,0.0
2531,0,79,22,1,0.0
2532,1,98,6,1,0.0
2533,1,104,6,1,0.0
2534,1,93,6,1,0.0
2535,1,95,6,1,0.0
2536,1,90,6,1,0.0
2537,1,95,6,1,0.0
2538,1,109,6,1,0.0
2539,1,110,7,1,0.0
2540,1,104,7,1,0.0
2541,1,105,7,1,0.0
2542,1,109,7,1,0.0
2543,1,105,7,1,0.0
2544,1,96,8,1,0.3
2545,1,104,8,1,0.3
2546,1,113,8,1,0.3
2547,1,114,8,1,0.3
2548,1,109,8,1,0.3
2549,1,107,8,1,0.3
2550,1,107,9,1,0.4
2551,1,107,9,1,0.4
2552,1,104,9,1,0.4
2553,1,102,9,1,0.4
2554,1,104,9,1,0.4
2555,1,101,9,1,0.4
2556,1,97,9,1,0.4
2557,1,99,10,1,0.3
2558,1,99,10,1,0.3
2559,1,97,10,1,0.3
2560,1,96,10,1,0.3
2561,1,96,10,1,0.3
2562,1,97,11,1,0.0
2563,1,64,11,1,0.0
2564,1,93,11,1,0.0
2565,1,103,11,1,0.0
2566,1,95,11,1,0.0
2567,1,105,11,1,0.0
2568,1,95,11,1,0.0
2569,1,99,12,1,0.0
2570,1,96,12,1,0.0
2571,1,95,12,1,0.0
2572,1,92,12,1,0.0
2573,1,96,12,1,0.0
2574,1,96,12,1,0.0
2575,1,102,13,1,0.0
2576,1,101,13,1,0.0
2577,1,93,13,1,0.0
2578,1,95,13,1,0.0
2579,1,94,13,1,0.0
2580,1,96,13,1,0.0
2581,1,98,14,1,0.0
2582,1,112,14,1,0.0
2583,1,100,14,1,0.0
2584,1,93,14,1,0.0
2585,1,99,14,1,0.0
2586,1,104,15,1,0.0
2587,1,106,15,1,0.0
2588,1,103,15,1,0.0
2589,1,108,15,1,0.0
2590,1,105,15,1,0.0
2591,1,106,15,1,0.0
2592,1,110,16,1,0.0
2593,1,108,16,1,0.0
2594,1,104,16,1,0.0
2595,1,103,16,1,0.0
2596,1,106,16,1,0.0
2597,1,106,16,1,0.0
2598,1,105,16,1,0.0
2599,1,106,17,1,0.0
2600,1,111,17,1,0.0
2601,1,103,17,1,0.0
2602,1,110,17,1,0.0
2603,1,111,17,1,0.0
2604,1,113,18,1,0.0
2605,1,104,18,1,0.0
2606,1,101,18,1,0.0
2607,1,104,18,1,0.0
2608,1,111,18,1,0.0
2609,1,109,18,1,0.0
2610,1,94,19,1,0.0
2611,1,96,19,1,0.0
2612,1,99,19,1,0.0
2613,1,96,19,1,0.0
2614,1,98,20,1,0.0
2615,1,98,20,1,0.0
2616,1,105,20,1,0.0
2617,1,100,21,1,0.0
2618,1,93,21,1,0.0
2619,1,79,22,1,0.0
2620,1,75,22,1,0.0
2621,1,65,22,1,0.0
2622,1,81,23,1,0.0
2623,2,101,6,1,0.0
2624,2,101,6,1,0.0
2625,2,75,6,1,0.0
2626,2,89,6,1,0.0
2627,2,92,6,1,0.0
2628,2,97,6,1,0.0
2629,2,107,6,1,0.0
2630,2,107,7,1,0.0
2631,2,102,7,1,0.0
2632,2,105,7,1,0.0
2633,2,102,7,1,0.0
2634,2,102,7,1,0.0
2635,2,113,7,1,0.0
2636,2,117,7,1,0.0
2637,2,114,8,1,0.0
2638,2,117,8,1,0.0
2639,2,117,8,1,0.0
2640,2,116,8,1,0.0
2641,2,109,8,1,0.0
2642,2,109,9,1,0.0
2643,2,103,9,1,0.0
2644,2,103,9,1,0.0
2645,2,104,9,1,0.0
2646,2,90,9,1,0.0
2647,2,97,9,1,0.0
2648,2,99,10,1,0.0
2649,2,90,10,1,0.0
2650,2,97,10,1,0.0
2651,2,99,10,1,0.0
2652,2,92,10,1,0.0
2653,2,97,10,1,0.0
2654,2,99,11,1,0.0
2655,2,92,11,1,0.0
2656,2,110,11,1,0.0
2657,2,102,11,1,0.0
2658,2,101,11,1,0.0
2659,2,98,11,1,0.0
2660,2,100,12,1,0.0
2661,2,96,12,1,0.0
2662,2,100,12,1,0.0
2663,2,94,12,1,0.0
2664,2,102,12,1,0.0
2665,2,91,13,1,0.0
2666,2,96,13,1,0.0
2667,2,95,13,1,0.0
2668,2,94,13,1,0.0
2669,2,97,13,1,0.0
2670,2,107,13,1,0.0
2671,2,96,13,1,0.0
2672,2,99,14,1,0.0
2673,2,101,14,1,0.0
2674,2,98,14,1,0.0
2675,2,92,14,1,0.0
2676,2,93,14,1,0.0
2677,2,103,15,1,0.0
2678,2,105,15,1,0.0
2679,2,104,15,1,0.0
2680,2,106,15,1,0.0
2681,2,106,15,1,0.0
2682,2,111,15,1,0.0
2683,2,111,15,1,0.0
2684,2,109,16,1,0.0
2685,2,107,16,1,0.0
2686,2,103,16,1,0.0
2687,2,114,16,1,0.0
2688,2,113,16,1,0.0
2689,2,105,16,1,0.0
2690,2,110,17,1,0.0
2691,2,121,17,1,0.0
2692,2,105,17,1,0.0
2693,2,109,17,1,0.0
2694,2,105,17,1,0.0
2695,2,107,17,1,0.0
2696,2,105,18,1,0.0
2697,2,109,18,1,0.0
2698,2,103,18,1,0.0
2699,2,96,18,1,0.0
2700,2,107,18,1,0.0
2701,2,97,19,1,0.0
2702,2,93,19,1,0.0
2703,2,97,19,1,0.0
2704,2,104,19,1,0.0
2705,2,99,20,1,0.0
2706,2,93,20,1,0.0
2707,2,99,20,1,0.0
2708,2,94,21,1,0.0
2709,2,93,21,1,0.0
2710,2,87,21,1,0.0
2711,2,103,22,1,0.0
2712,2,86,22,1,0.0
2713,2,88,22,1,0.0
2714,3,95,6,1,0.0
2715,3,93,6,1,0.0
2716,3,93,6,1,0.0
2717,3,89,6,1,0.0
2718,3,91,6,1,0.0
2719,3,94,6,1,0.0
2720,3,102,7,1,0.0
2721,3,103,7,1,0.0
2722,3,101,7,1,0.0
2723,3,104,7,1,0.0
2724,3,103,7,1,0.0
2725,3,111,7,1,0.0
2726,3,109,7,1,0.0
2727,3,117,7,1,0.0
2728,3,116,8,1,0.0
2729,3,121,8,1,0.0
2730,3,125,8,1,0.0
2731,3,109,8,1,0.0
2732,3,110,8,1,0.0
2733,3,109,9,1,0.0
2734,3,103,9,1,0.0
2735,3,105,9,1,0.0
2736,3,104,9,1,0.0
2737,3,100,9,1,0.0
2738,3,97,9,1,0.0
2739,3,92,10,1,0.1
2740,3,110,10,1,0.1
2741,3,102,10,1,0.1
2742,3,97,10,1,0.1
2743,3,97,10,1,0.1
2744,3,125,10,1,0.1
2745,3,99,11,1,0.2
2746,3,94,11,1,0.2
2747,3,96,11,1,0.2
2748,3,101,11,1,0.2
2749,3,103,11,1,0.2
2750,3,145,12,1,0.7
2751,3,99,12,1,0.7
2752,3,91,12,1,0.7
2753,3,92,12,1,0.7
2754,3,94,12,1,0.7
2755,3,97,12,1,0.7
2756,3,96,12,1,0.7
2757,3,100,13,1,0.4
2758,3,98,13,1,0.4
2759,3,97,13,1,0.4
2760,3,94,13,1,0.4
2761,3,96,13,1,0.4
2762,3,95,13,1,0.4
2763,3,101,14,1,0.1
2764,3,100,14,1,0.1
2765,3,102,14,1,0.1
2766,3,94,14,1,0.1
2767,3,96,14,1,0.1
2768,3,105,15,1,0.0
2769,3,102,15,1,0.0
2770,3,104,15,1,0.0
2771,3,105,15,1,0.0
2772,3,108,15,1,0.0
2773,3,109,15,1,0.0
2774,3,110,16,1,0.0
2775,3,104,16,1,0.0
2776,3,109,16,1,0.0
2777,3,105,16,1,0.0
2778,3,106,16,1,0.0
2779,3,102,16,1,0.0
2780,3,108,16,1,0.0
2781,3,105,17,1,0.0
2782,3,109,17,1,0.0
2783,3,113,17,1,0.0
2784,3,108,17,1,0.0
2785,3,105,17,1,0.0
2786,3,111,17,1,0.0
2787,3,111,18,1,0.0
2788,3,107,18,1,0.0
2789,3,103,18,1,0.0
2790,3,104,18,1,0.0
2791,3,72,18,1,0.0
2792,3,94,19,1,0.0
2793,3,92,19,1,0.0
2794,3,94,19,1,0.0
2795,3,102,19,1,0.0
2796,3,98,20,1,0.0
2797,3,99,20,1,0.0
2798,3,99,20,1,0.0
2799,3,94,21,1,0.0
2800,3,93,21,1,0.0
2801,3,92,21,1,0.0
2802,3,75,22,1,0.1
2803,3,83,22,1,0.1
2804,3,86,23,1,0.0
2805,4,104,6,1,0.0
2806,4,92,6,1,0.0
2807,4,92,6,1,0.0
2808,4,90,6,1,0.0
2809,4,99,6,1,0.0
2810,4,105,6,1,0.0
2811,4,109,6,1,0.0
2812,4,103,7,1,0.0
2813,4,103,7,1,0.0
2814,4,98,7,1,0.0
2815,4,107,7,1,0.0
2816,4,118,7,1,0.0
2817,4,113,7,1,0.0
2818,4,117,7,1,0.0
2819,4,121,8,1,0.0
2820,4,112,8,1,0.0
2821,4,116,8,1,0.0
2822,4,116,8,1,0.0
2823,4,109,8,1,0.0
2824,4,106,9,1,0.0
2825,4,104,9,1,0.0
2826,4,98,9,1,0.0
2827,4,103,9,1,0.0
2828,4,96,9,1,0.0
2829,4,97,9,1,0.0
2830,4,99,10,1,0.0
2831,4,92,10,1,0.0
2832,4,101,10,1,0.0
2833,4,103,10,1,0.0
2834,4,96,10,1,0.0
2835,4,105,10,1,0.0
2836,4,98,11,1,0.0
2837,4,90,11,1,0.0
2838,4,97,11,1,0.0
2839,4,99,11,1,0.0
2840,4,95,11,1,0.0
2841,4,96,11,1,0.0
2842,4,102,12,1,0.0
2843,4,103,12,1,0.0
2844,4,95,12,1,0.0
2845,4,94,12,1,0.0
2846,4,100,12,1,0.0
2847,4,95,12,1,0.0
2848,4,95,13,1,0.0
2849,4,96,13,1,0.0
2850,4,96,13,1,0.0
2851,4,93,13,1,0.0
2852,4,96,13,1,0.0
2853,4,95,13,1,0.0
2854,4,94,14,1,0.0
2855,4,96,14,1,0.0
2856,4,93,14,1,0.0
2857,4,103,14,1,0.0
2858,4,82,14,1,0.0
2859,4,105,14,1,0.0
2860,4,104,15,1,0.0
2861,4,104,15,1,0.0
2862,4,105,15,1,0.0
2863,4,112,15,1,0.0
2864,4,104,15,1,0.0
2865,4,102,16,1,0.0
2866,4,111,16,1,0.0
2867,4,106,16,1,0.0
2868,4,107,16,1,0.0
2869,4,111,16,1,0.0
2870,4,111,16,1,0.0
2871,4,112,16,1,0.0
2872,4,105,17,1,0.0
2873,4,120,17,1,0.0
2874,4,105,17,1,0.0
2875,4,141,17,1,0.0
2876,4,105,17,1,0.0
2877,4,104,18,1,0.0
2878,4,102,18,1,0.0
2879,4,107,18,1,0.0
2880,4,103,18,1,0.0
2881,4,94,18,1,0.0
2882,4,100,18,1,0.0
2883,4,94,19,1,0.0
2884,4,92,19,1,0.0
2885,4,92,19,1,0.0
2886,4,104,19,1,0.0
2887,4,99,20,1,0.0
2888,4,98,20,1,0.0
2889,4,98,20,1,0.0
2890,4,94,21,1,0.0
2891,4,91,21,1,0.0
2892,4,91,21,1,0.0
2893,4,85,22,1,0.0
2894,4,82,22,1,0.0
2895,4,100,22,1,0.0
2896,5,96,6,0,0.0
2897,5,95,6,0,0.0
2898,5,99,7,0,0.0
2899,5,106,7,0,0.0
2900,5,98,7,0,0.0
2901,5,102,7,0,0.0
2902,5,109,8,0,0.0
2903,5,99,8,0,0.0
2904,5,100,8,0,0.0
2905,5,109,8,0,0.0
2906,5,102,9,0,0.0
2907,5,105,9,0,0.0
2908,5,106,9,0,0.0
2909,5,104,9,0,0.0
2910,5,103,10,0,0.0
2911,5,103,10,0,0.0
2912,5,104,10,0,0.0
2913,5,111,10,0,0.0
2914,5,99,11,0,0.0
2915,5,102,11,0,0.0
2916,5,104,11,0,0.0
2917,5,104,11,0,0.0
2918,5,99,12,0,0.0
2919,5,104,12,0,0.0
2920,5,100,12,0,0.0
2921,5,100,12,0,0.0
2922,5,100,13,0,0.0
2923,5,108,13,0,0.0
2924,5,108,13,0,0.0
2925,5,102,13,0,0.0
2926,5,101,14,0,0.0
2927,5,97,14,0,0.0
2928,5,99,14,0,0.0
2929,5,98,15,0,0.0
2930,5,99,15,0,0.0
2931,5,99,15,0,0.0
2932,5,100,15,0,0.0
2933,5,98,16,0,0.0
2934,5,101,16,0,0.0
2935,5,107,16,0,0.0
2936,5,114,16,0,0.0
2937,5,97,16,0,0.0
2938,5,99,17,0,0.0
2939,5,100,17,0,0.0
2940,5,89,17,0,0.0
2941,5,97,18,0,0.0
2942,5,95,18,0,0.0
2943,5,94,18,0,0.0
2944,5,93,19,0,0.0
2945,5,84,19,0,0.0
2946,5,95,19,0,0.0
2947,5,96,19,0,0.0
2948,5,96,20,0,0.0
2949,5,97,20,0,0.0
2950,5,94,20,0,0.0
2951,5,95,21,0,0.0
2952,5,94,21,0,0.0
2953,5,84,21,0,0.0
2954,5,75,22,0,0.0
2955,5,81,22,0,0.0
2956,5,94,22,0,0.0
2957,6,74,9,0,0.0
2958,6,80,9,0,0.0
2959,6,74,9,0,0.0
2960,6,79,9,0,0.0
2961,6,79,10,0,0.0
2962,6,78,10,0,0.0
2963,6,96,10,0,0.0
2964,6,95,11,0,0.0
2965,6,89,11,0,0.0
2966,6,96,11,0,0.0
2967,6,99,12,0,0.2
2968,6,99,12,0,0.2
2969,6,107,12,0,0.2
2970,6,102,13,0,0.8
2971,6,92,13,0,0.8
2972,6,96,13,0,0.8
2973,6,100,14,0,0.2
2974,6,96,14,0,0.2
2975,6,94,15,0,0.0
2976,6,87,15,0,0.0
2977,6,104,15,0,0.0
2978,6,96,15,0,0.0
2979,6,97,16,0,0.0
2980,6,90,16,0,0.0
2981,6,92,17,0,0.0
2982,6,97,17,0,0.0
2983,6,109,17,0,0.0
2984,6,90,18,0,0.0
2985,6,96,18,0,0.0
2986,6,101,18,0,0.0
2987,6,86,18,0,0.0
2988,6,84,19,0,0.0
2989,6,91,19,0,0.0
2990,6,87,20,0,0.0
2991,6,80,21,0,0.0
2992,6,83,21,0,0.0
2993,6,78,21,0,0.0
2994,6,70,22,0,0.0
2995,6,79,22,0,0.0
2996,0,92,6,1,0.0
2997,0,91,6,1,0.0
2998,0,100,6,1,0.0
2999,0,98,6,1,0.0
3000,0,90,6,1,0.0
3001,0,98,6,1,0.0
3002,0,109,6,1,0.0
3003,0,104,7,1,0.0
3004,0,101,7,1,0.0
3005,0,104,7,1,0.0
3006,0,102,7,1,0.0
3007,0,110,7,1,0.0
3008,0,110,7,1,0.0
3009,0,111,8,1,0.0
3010,0,112,8,1,0.0
3011,0,111,8,1,0.0
3012,0,106,8,1,0.0
3013,0,109,8,1,0.0
3014,0,109,8,1,0.0
3015,0,100,9,1,0.1
3016,0,106,9,1,0.1
3017,0,105,9,1,0.1
3018,0,102,9,1,0.1
3019,0,103,9,1,0.1
3020,0,97,10,1,0.0
3021,0,95,10,1,0.0
3022,0,98,10,1,0.0
3023,0,98,10,1,0.0
3024,0,96,10,1,0.0
3025,0,96,10,1,0.0
3026,0,96,11,1,0.0
3027,0,96,11,1,0.0
3028,0,95,11,1,0.0
3029,0,100,11,1,0.0
3030,0,94,11,1,0.0
3031,0,99,11,1,0.0
3032,0,104,12,1,0.0
3033,0,92,12,1,0.0
3034,0,103,12,1,0.0
3035,0,94,12,1,0.0
3036,0,103,12,1,0.0
3037,0,96,12,1,0.0
3038,0,112,13,1,0.0
3039,0,95,13,1,0.0
3040,0,94,13,1,0.0
3041,0,101,13,1,0.0
3042,0,101,13,1,0.0
3043,0,96,13,1,0.0
3044,0,99,14,1,0.0
3045,0,89,14,1,0.0
3046,0,97,14,1,0.0
3047,0,100,14,1,0.0
3048,0,94,14,1,0.0
3049,0,111,14,1,0.0
3050,0,105,15,1,0.8
3051,0,111,15,1,0.8
3052,0,103,15,1,0.8
3053,0,111,15,1,0.8
3054,0,107,15,1,0.8
3055,0,104,16,1,0.1
3056,0,106,16,1,0.1
3057,0,116,16,1,0.1
3058,0,105,16,1,0.1
3059,0,104,16,1,0.1
3060,0,107,16,1,0.1
3061,0,105,16,1,0.1
3062,0,109,17,1,0.0
3063,0,118,17,1,0.0
3064,0,111,17,1,0.0
3065,0,109,17,1,0.0
3066,0,105,17,1,0.0
3067,0,106,17,1,0.0
3068,0,110,18,1,0.0
3069,0,97,18,1,0.0
3070,0,103,18,1,0.0
3071,0,99,18,1,0.0
3072,0,111,18,1,0.0
3073,0,104,18,1,0.0
3074,0,98,19,1,0.0
3075,0,95,19,1,0.0
3076,0,96,19,1,0.0
3077,0,98,20,1,0.0
3078,0,102,20,1,0.0
3079,0,104,20,1,0.0
3080,0,95,21,1,0.0
3081,0,92,21,1,0.0
3082,0,116,21,1,0.0
3083,0,81,22,1,0.0
3084,0,74,22,1,0.0
3085,0,111,22,1,0.0
3086,1,95,6,1,0.0
3087,1,94,6,1,0.0
3088,1,96,6,1,0.0
3089,1,95,6,1,0.0
3090,1,96,6,1,0.0
3091,1,109,6,1,0.0
3092,1,108,6,1,0.0
3093,1,105,7,1,0.0
3094,1,102,7,1,0.0
3095,1,104,7,1,0.0
3096,1,103,7,1,0.0
3097,1,110,7,1,0.0
3098,1,109,7,1,0.0
3099,1,112,8,1,0.0
3100,1,111,8,1,0.0
3101,1,110,8,1,0.0
3102,1,109,8,1,0.0
3103,1,105,8,1,0.0
3104,1,108,8,1,0.0
3105,1,102,9,1,0.0
3106,1,106,9,1,0.0
3107,1,110,9,1,0.0
3108,1,103,9,1,0.0
3109,1,96,9,1,0.0
3110,1,96,9,1,0.0
3111,1,96,10,1,0.0
3112,1,99,10,1,0.0
3113,1,98,10,1,0.0
3114,1,97,10,1,0.0
3115,1,96,10,1,0.0
3116,1,96,10,1,0.0
3117,1,97,11,1,0.0
3118,1,97,11,1,0.0
3119,1,108,11,1,0.0
3120,1,96,11,1,0.0
3121,1,93,11,1,0.0
3122,1,102,11,1,0.0
3123,1,100,12,1,0.0
3124,1,96,12,1,0.0
3125,1,95,12,1,0.0
3126,1,93,12,1,0.0
3127,1,95,12,1,0.0
3128,1,95,12,1,0.0
3129,1,95,13,1,0.0
3130,1,96,13,1,0.0
3131,1,93,13,1,0.0
3132,1,96,13,1,0.0
3133,1,95,13,1,0.0
3134,1,95,13,1,0.0
3135,1,95,14,1,0.0
3136,1,94,14,1,0.0
3137,1,98,14,1,0.0
3138,1,90,14,1,0.0
3139,1,92,14,1,0.0
3140,1,104,15,1,0.0
3141,1,105,15,1,0.0
3142,1,102,15,1,0.0
3143,1,108,15,1,0.0
3144,1,111,15,1,0.0
3145,1,105,15,1,0.0
3146,1,103,16,1,0.0
3147,1,107,16,1,0.0
3148,1,110,16,1,0.0
3149,1,103,16,1,0.0
3150,1,104,16,1,0.0
3151,1,105,16,1,0.0
3152,1,111,16,1,0.0
3153,1,116,17,1,0.0
3154,1,116,17,1,0.0
3155,1,103,17,1,0.0
3156,1,109,17,1,0.0
3157,1,106,17,1,0.0
3158,1,106,17,1,0.0
3159,1,103,18,1,0.0
3160,1,103,18,1,0.0
3161,1,104,18,1,0.0
3162,1,105,18,1,0.0
3163,1,97,18,1,0.0
3164,1,96,19,1,0.0
3165,1,95,19,1,0.0
3166,1,92,19,1,0.0
3167,1,96,19,1,0.0
3168,1,98,20,1,0.0
3169,1,105,20,1,0.0
3170,1,99,20,1,0.0
3171,1,93,21,1,0.0
3172,1,99,21,1,0.0
3173,1,78,22,1,0.0
3174,1,60,22,1,0.0
3175,1,107,22,1,0.0
3176,1,88,22,1,0.0
3177,2,91,6,1,0.0
3178,2,98,6,1,0.0
3179,2,99,6,1,0.0
3180,2,92,6,1,0.0
3181,2,90,6,1,0.0
3182,2,106,6,1,0.0
3183,2,104,7,1,0.0
3184,2,106,7,1,0.0
3185,2,102,7,1,0.0
3186,2,105,7,1,0.0
3187,2,110,7,1,0.0
3188,2,111,7,1,0.0
3189,2,110,8,1,0.0
3190,2,105,8,1,0.0
3191,2,113,8,1,0.0
3192,2,109,8,1,0.0
3193,2,108,8,1,0.0
3194,2,109,8,1,0.0
3195,2,106,8,1,0.0
3196,2,101,9,1,0.0
3197,2,108,9,1,0.0
3198,2,110,9,1,0.0
3199,2,109,9,1,0.0
3200,2,99,9,1,0.0
3201,2,98,9,1,0.0
3202,2,96,10,1,0.0
3203,2,99,10,1,0.0
3204,2,103,10,1,0.0
3205,2,100,10,1,0.0
3206,2,101,10,1,0.0
3207,2,96,11,1,0.1
3208,2,99,11,1,0.1
3209,2,62,11,1,0.1
3210,2,100,11,1,0.1
3211,2,94,11,1,0.1
3212,2,99,11,1,0.1
3213,2,96,11,1,0.1
3214,2,95,12,1,0.9
3215,2,96,12,1,0.9
3216,2,95,12,1,0.9
3217,2,94,12,1,0.9
3218,2,94,12,1,0.9
3219,2,106,13,1,0.6
3220,2,108,13,1,0.6
3221,2,96,13,1,0.6
3222,2,106,13,1,0.6
3223,2,99,13,1,0.6
3224,2,97,13,1,0.6
3225,2,99,13,1,0.6
3226,2,95,14,1,0.7
3227,2,98,14,1,0.7
3228,2,91,14,1,0.7
3229,2,93,14,1,0.7
3230,2,109,15,1,0.3
3231,2,100,15,1,0.3
3232,2,105,15,1,0.3
3233,2,112,15,1,0.3
3234,2,122,15,1,0.3
3235,2,138,15,1,0.3
3236,2,111,16,1,0.3
3237,2,108,16,1,0.3
3238,2,104,16,1,0.3
3239,2,109,16,1,0.3
3240,2,110,16,1,0.3
3241,2,111,16,1,0.3
3242,2,103,17,1,0.1
3243,2,118,17,1,0.1
3244,2,109,17,1,0.1
3245,2,105,17,1,0.1
3246,2,109,17,1,0.1
3247,2,114,17,1,0.1
3248,2,105,18,1,0.3
3249,2,82,18,1,0.3
3250,2,102,18,1,0.3
3251,2,97,18,1,0.3
3252,2,96,18,1,0.3
3253,2,101,18,1,0.3
3254,2,93,19,1,0.2
3255,2,95,19,1,0.2
3256,2,94,20,1,0.1
3257,2,98,20,1,0.1
3258,2,99,20,1,0.1
3259,2,98,20,1,0.1
3260,2,94,21,1,0.0
3261,2,93,21,1,0.0
3262,2,86,21,1,0.0
3263,2,69,22,1,0.0
3264,2,76,22,1,0.0
3265,2,82,23,1,0.1
3266,3,94,6,1,0.0
3267,3,94,6,1,0.0
3268,3,105,6,1,0.0
3269,3,100,6,1,0.0
3270,3,97,6,1,0.0
3271,3,97,6,1,0.0
3272,3,104,7,1,0.0
3273,3,100,7,1,0.0
3274,3,107,7,1,0.0
3275,3,104,7,1,0.0
3276,3,103,7,1,0.0
3277,3,106,7,1,0.0
3278,3,111,7,1,0.0
3279,3,117,8,1,0.0
3280,3,113,8,1,0.0
3281,3,104,8,1,0.0
3282,3,108,8,1,0.0
3283,3,100,8,1,0.0
3284,3,104,8,1,0.0
3285,3,108,9,1,0.0
3286,3,103,9,1,0.0
3287,3,110,9,1,0.0
3288,3,103,9,1,0.0
3289,3,91,9,1,0.0
3290,3,100,9,1,0.0
3291,3,100,10,1,0.0
3292,3,98,10,1,0.0
3293,3,97,10,1,0.0
3294,3,97,10,1,0.0
3295,3,96,10,1,0.0
3296,3,102,10,1,0.0
3297,3,99,11,1,0.0
3298,3,101,11,1,0.0
3299,3,96,11,1,0.0
3300,3,99,11,1,0.0
3301,3,103,11,1,0.0
3302,3,96,12,1,0.0
3303,3,95,12,1,0.0
3304,3,98,12,1,0.0
3305,3,52,12,1,0.0
3306,3,93,12,1,0.0
3307,3,95,12,1,0.0
3308,3,95,12,1,0.0
3309,3,101,13,1,0.0
3310,3,95,13,1,0.0
3311,3,95,13,1,0.0
3312,3,99,13,1,0.0
3313,3,95,13,1,0.0
3314,3,95,13,1,0.0
3315,3,96,14,1,0.0
3316,3,94,14,1,0.0
3317,3,98,14,1,0.0
3318,3,93,14,1,0.0
3319,3,94,14,1,0.0
3320,3,108,15,1,0.0
3321,3,111,15,1,0.0
3322,3,103,15,1,0.0
3323,3,111,15,1,0.0
3324,3,109,15,1,0.0
3325,3,104,15,1,0.0
3326,3,103,16,1,0.0
3327,3,105,16,1,0.0
3328,3,101,16,1,0.0
3329,3,109,16,1,0.0
3330,3,109,16,1,0.0
3331,3,112,16,1,0.0
3332,3,109,17,1,0.0
3333,3,98,17,1,0.0
3334,3,105,17,1,0.0
3335,3,109,17,1,0.0
3336,3,111,17,1,0.0
3337,3,105,17,1,0.0
3338,3,103,18,1,0.0
3339,3,107,18,1,0.0
3340,3,104,18,1,0.0
3341,3,108,18,1,0.0
3342,3,116,18,1,0.0
3343,3,92,19,1,0.0
3344,3,92,19,1,0.0
3345,3,94,19,1,0.0
3346,3,99,20,1,0.0
3347,3,60,20,1,0.0
3348,3,103,20,1,0.0
3349,3,98,20,1,0.0
3350,3,96,21,1,0.0
3351,3,100,21,1,0.0
3352,3,121,21,1,0.0
3353,3,109,22,1,0.0
3354,3,74,22,1,0.0
3355,3,87,23,1,0.1
3356,4,102,6,1,1.1
3357,4,95,6,1,1.1
3358,4,102,6,1,1.1
3359,4,92,6,1,1.1
3360,4,92,6,1,1.1
3361,4,111,6,1,1.1
3362,4,104,7,1,0.7
3363,4,101,7,1,0.7
3364,4,98,7,1,0.7
3365,4,105,7,1,0.7
3366,4,102,7,1,0.7
3367,4,111,7,1,0.7
3368,4,106,7,1,0.7
3369,4,112,8,1,2.1
3370,4,124,8,1,2.1
3371,4,120,8,1,2.1
3372,4,111,8,1,2.1
3373,4,107,8,1,2.1
3374,4,103,9,1,2.2
3375,4,108,9,1,2.2
3376,4,109,9,1,2.2
3377,4,103,9,1,2.2
3378,4,103,9,1,2.2
3379,4,104,9,1,2.2
3380,4,91,10,1,0.3
3381,4,86,10,1,0.3
3382,4,91,10,1,0.3
3383,4,94,10,1,0.3
3384,4,95,10,1,0.3
3385,4,96,10,1,0.3
3386,4,97,10,1,0.3
3387,4,99,11,1,0.5
3388,4,98,11,1,0.5
3389,4,96,11,1,0.5
3390,4,95,11,1,0.5
3391,4,98,11,1,0.5
3392,4,97,11,1,0.5
3393,4,97,12,1,0.7
3394,4,103,12,1,0.7
3395,4,93,12,1,0.7
3396,4,94,12,1,0.7
3397,4,94,12,1,0.7
3398,4,97,12,1,0.7
3399,4,99,13,1,1.1
3400,4,101,13,1,1.1
3401,4,100,13,1,1.1
3402,4,97,13,1,1.1
3403,4,95,13,1,1.1
3404,4,95,13,1,1.1
3405,4,99,14,1,0.3
3406,4,94,14,1,0.3
3407,4,91,14,1,0.3
3408,4,100,14,1,0.3
3409,4,100,14,1,0.3
3410,4,103,15,1,0.6
3411,4,112,15,1,0.6
3412,4,109,15,1,0.6
3413,4,106,15,1,0.6
3414,4,106,15,1,0.6
3415,4,109,15,1,0.6
3416,4,112,16,1,1.3
3417,4,106,16,1,1.3
3418,4,100,16,1,1.3
3419,4,104,16,1,1.3
3420,4,105,16,1,1.3
3421,4,111,16,1,1.3
3422,4,67,17,1,0.4
3423,4,103,17,1,0.4
3424,4,117,17,1,0.4
3425,4,109,17,1,0.4
3426,4,107,17,1,0.4
3427,4,107,17,1,0.4
3428,4,104,18,1,0.6
3429,4,107,18,1,0.6
3430,4,103,18,1,0.6
3431,4,104,18,1,0.6
3432,4,103,18,1,0.6
3433,4,99,19,1,0.3
3434,4,92,19,1,0.3
3435,4,99,19,1,0.3
3436,4,88,19,1,0.3
3437,4,93,20,1,0.6
3438,4,103,20,1,0.6
3439,4,99,20,1,0.6
3440,4,94,21,1,1.2
3441,4,94,21,1,1.2
3442,4,107,21,1,1.2
3443,4,82,22,1,0.7
3444,4,83,22,1,0.7
3445,4,91,22,1,0.7
3446,5,96,6,0,0.1
3447,5,95,6,0,0.1
3448,5,103,6,0,0.1
3449,5,94,7,0,0.0
3450,5,96,7,0,0.0
3451,5,99,7,0,0.0
3452,5,101,7,0,0.0
3453,5,106,8,0,0.5
3454,5,110,8,0,0.5
3455,5,109,8,0,0.5
3456,5,92,9,0,0.7
3457,5,115,9,0,0.7
3458,5,100,9,0,0.7
3459,5,102,9,0,0.7
3460,5,106,9,0,0.7
3461,5,103,10,0,0.1
3462,5,103,10,0,0.1
3463,5,97,10,0,0.1
3464,5,111,10,0,0.1
3465,5,103,11,0,0.2
3466,5,103,11,0,0.2
3467,5,103,11,0,0.2
3468,5,103,11,0,0.2
3469,5,98,12,0,0.2
3470,5,103,12,0,0.2
3471,5,102,12,0,0.2
3472,5,103,12,0,0.2
3473,5,99,13,0,0.0
3474,5,101,13,0,0.0
3475,5,102,13,0,0.0
3476,5,102,13,0,0.0
3477,5,108,14,0,0.0
3478,5,101,14,0,0.0
3479,5,101,14,0,0.0
3480,5,96,15,0,0.0
3481,5,108,15,0,0.0
3482,5,100,15,0,0.0
3483,5,100,15,0,0.0
3484,5,40,15,0,0.0
3485,5,101,16,0,0.1
3486,5,107,16,0,0.1
3487,5,121,16,0,0.1
3488,5,97,16,0,0.1
3489,5,102,17,0,0.0
3490,5,105,17,0,0.0
3491,5,94,17,0,0.0
3492,5,103,17,0,0.0
3493,5,96,18,0,0.0
3494,5,94,18,0,0.0
3495,5,99,19,0,0.0
3496,5,97,19,0,0.0
3497,5,95,19,0,0.0
3498,5,98,20,0,0.0
3499,5,97,20,0,0.0
3500,5,95,20,0,0.0
3501,5,94,20,0,0.0
3502,5,100,21,0,0.0
3503,5,101,21,0,0.0
3504,5,98,21,0,0.0
3505,5,82,22,0,0.0
3506,5,98,22,0,0.0
3507,5,115,22,0,0.0
3508,6,74,8,0,0.0
3509,6,75,9,0,0.0
3510,6,71,9,0,0.0
3511,6,76,9,0,0.0
3512,6,76,10,0,0.0
3513,6,76,10,0,0.0
3514,6,94,10,0,0.0
3515,6,93,11,0,0.0
3516,6,105,11,0,0.0
3517,6,102,11,0,0.0
3518,6,94,12,0,0.0
3519,6,96,12,0,0.0
3520,6,111,12,0,0.0
3521,6,96,13,0,0.0
3522,6,97,13,0,0.0
3523,6,103,13,0,0.0
3524,6,96,14,0,0.0
3525,6,96,14,0,0.0
3526,6,101,14,0,0.0
3527,6,97,15,0,0.0
3528,6,94,15,0,0.0
3529,6,103,15,0,0.0
3530,6,102,16,0,0.1
3531,6,98,16,0,0.1
3532,6,95,16,0,0.1
3533,6,99,17,0,0.0
3534,6,103,17,0,0.0
3535,6,87,17,0,0.0
3536,6,99,18,0,0.0
3537,6,89,18,0,0.0
3538,6,99,18,0,0.0
3539,6,89,19,0,0.0
3540,6,94,19,0,0.0
3541,6,87,20,0,0.0
3542,6,87,20,0,0.0
3543,6,75,21,0,0.0
3544,6,75,21,0,0.0
3545,6,78,22,0,0.0
3546,6,89,22,0,0.0
3547,0,98,6,1,0.2
3548,0,92,6,1,0.2
3549,0,97,6,1,0.2
3550,0,91,6,1,0.2
3551,0,90,6,1,0.2
3552,0,95,6,1,0.2
3553,0,101,6,1,0.2
3554,0,110,7,1,1.2
3555,0,121,7,1,1.2
3556,0,177,7,1,1.2
3557,0,148,7,1,1.2
3558,0,118,7,1,1.2
3559,0,112,7,1,1.2
3560,0,112,8,1,1.8
3561,0,113,8,1,1.8
3562,0,114,8,1,1.8
3563,0,117,8,1,1.8
3564,0,116,8,1,1.8
3565,0,108,8,1,1.8
3566,0,99,9,1,1.8
3567,0,99,9,1,1.8
3568,0,82,9,1,1.8
3569,0,71,10,1,1.3
3570,0,68,10,1,1.3
3571,0,90,10,1,1.3
3572,0,83,10,1,1.3
3573,0,97,10,1,1.3
3574,0,63,10,1,1.3
3575,0,82,11,1,0.0
3576,0,75,11,1,0.0
3577,0,103,11,1,0.0
3578,0,94,11,1,0.0
3579,0,101,11,1,0.0
3580,0,96,11,1,0.0
3581,0,100,11,1,0.0
3582,0,96,12,1,1.0
3583,0,98,12,1,1.0
3584,0,95,12,1,1.0
3585,0,93,12,1,1.0
3586,0,100,12,1,1.0
3587,0,98,12,1,1.0
3588,0,95,13,1,0.8
3589,0,95,13,1,0.8
3590,0,95,13,1,0.8
3591,0,98,13,1,0.8
3592,0,92,13,1,0.8
3593,0,95,13,1,0.8
3594,0,99,14,1,0.0
3595,0,94,14,1,0.0
3596,0,100,14,1,0.0
3597,0,94,14,1,0.0
3598,0,100,14,1,0.0
3599,0,101,15,1,0.1
3600,0,123,15,1,0.1
3601,0,104,15,1,0.1
3602,0,106,15,1,0.1
3603,0,106,15,1,0.1
3604,0,100,15,1,0.1
3605,0,104,15,1,0.1
3606,0,115,16,1,0.0
3607,0,105,16,1,0.0
3608,0,103,16,1,0.0
3609,0,104,16,1,0.0
3610,0,106,16,1,0.0
3611,0,114,16,1,0.0
3612,0,105,16,1,0.0
3613,0,105,17,1,0.3
3614,0,116,17,1,0.3
3615,0,105,17,1,0.3
3616,0,108,17,1,0.3
3617,0,105,17,1,0.3
3618,0,106,17,1,0.3
3619,0,111,18,1,0.0
3620,0,87,18,1,0.0
3621,0,93,18,1,0.0
3622,0,105,18,1,0.0
3623,0,89,18,1,0.0
3624,0,93,19,1,0.0
3625,0,96,19,1,0.0
3626,0,96,19,1,0.0
3627,0,105,20,1,0.0
3628,0,92,20,1,0.0
3629,0,99,20,1,0.0
3630,0,99,20,1,0.0
3631,0,98,20,1,0.0
3632,0,94,21,1,0.0
3633,0,94,21,1,0.0
3634,0,89,21,1,0.0
3635,0,82,22,1,0.0
3636,0,64,22,1,0.0
3637,0,77,23,1,0.0
3638,1,98,6,1,0.0
3639,1,99,6,1,0.0
3640,1,97,6,1,0.0
3641,1,97,6,1,0.0
3642,1,88,6,1,0.0
3643,1,94,6,1,0.0
3644,1,104,6,1,0.0
3645,1,99,7,1,0.0
3646,1,103,7,1,0.0
3647,1,161,7,1,0.0
3648,1,154,7,1,0.0
3649,1,111,7,1,0.0
3650,1,113,7,1,0.0
3651,1,111,8,1,0.0
3652,1,113,8,1,0.0
3653,1,110,8,1,0.0
3654,1,108,8,1,0.0
3655,1,103,8,1,0.0
3656,1,107,8,1,0.0
3657,1,105,9,1,0.0
3658,1,103,9,1,0.0
3659,1,110,9,1,0.0
3660,1,102,9,1,0.0
3661,1,86,9,1,0.0
3662,1,94,9,1,0.0
3663,1,97,10,1,0.0
3664,1,99,10,1,0.0
3665,1,98,10,1,0.0
3666,1,102,10,1,0.0
3667,1,97,10,1,0.0
3668,1,102,10,1,0.0
3669,1,91,11,1,0.0
3670,1,97,11,1,0.0
3671,1,94,11,1,0.0
3672,1,101,11,1,0.0
3673,1,96,11,1,0.0
3674,1,101,11,1,0.0
3675,1,95,12,1,0.0
3676,1,93,12,1,0.0
3677,1,95,12,1,0.0
3678,1,96,12,1,0.0
3679,1,95,12,1,0.0
3680,1,98,12,1,0.0
3681,1,95,13,1,0.0
3682,1,108,13,1,0.0
3683,1,94,13,1,0.0
3684,1,93,13,1,0.0
3685,1,93,13,1,0.0
3686,1,96,13,1,0.0
3687,1,95,14,1,0.0
3688,1,100,14,1,0.0
3689,1,101,14,1,0.0
3690,1,94,14,1,0.0
3691,1,94,14,1,0.0
3692,1,169,15,1,0.0
3693,1,103,15,1,0.0
3694,1,104,15,1,0.0
3695,1,105,15,1,0.0
3696,1,103,15,1,0.0
3697,1,107,15,1,0.0
3698,1,102,16,1,0.0
3699,1,142,16,1,0.0
3700,1,114,16,1,0.0
3701,1,102,16,1,0.0
3702,1,116,16,1,0.0
3703,1,105,16,1,0.0
3704,1,108,17,1,0.0
3705,1,105,17,1,0.0
3706,1,118,17,1,0.0
3707,1,105,17,1,0.0
3708,1,102,17,1,0.0
3709,1,104,17,1,0.0
3710,1,33,17,1,0.0
3711,1,111,17,1,0.0
3712,1,104,18,1,0.0
3713,1,107,18,1,0.0
3714,1,102,18,1,0.0
3715,1,103,18,1,0.0
3716,1,100,19,1,0.0
3717,1,70,19,1,0.0
3718,1,94,19,1,0.0
3719,1,96,19,1,0.0
3720,1,96,20,1,0.0
3721,1,52,20,1,0.0
3722,1,92,20,1,0.0
3723,1,99,20,1,0.0
3724,1,93,21,1,0.0
3725,1,93,21,1,0.0
3726,1,88,21,1,0.0
3727,1,104,22,1,0.0
3728,1,74,22,1,0.0
3729,1,83,22,1,0.0
3730,2,96,6,1,0.0
3731,2,95,6,1,0.0
3732,2,99,6,1,0.0
3733,2,97,6,1,0.0
3734,2,89,6,1,0.0
3735,2,94,6,1,0.0
3736,2,100,6,1,0.0
3737,2,107,7,1,0.0
3738,2,100,7,1,0.0
3739,2,110,7,1,0.0
3740,2,113,7,1,0.0
3741,2,95,7,1,0.0
3742,2,114,7,1,0.0
3743,2,111,8,1,0.0
3744,2,108,8,1,0.0
3745,2,110,8,1,0.0
3746,2,109,8,1,0.0
3747,2,109,8,1,0.0
3748,2,102,9,1,0.0
3749,2,102,9,1,0.0
3750,2,91,9,1,0.0
3751,2,85,9,1,0.0
3752,2,76,9,1,0.0
3753,2,69,9,1,0.0
3754,2,59,9,1,0.0
3755,2,47,10,1,0.0
3756,2,37,10,1,0.0
3757,2,203,10,1,0.0
3758,2,112,10,1,0.0
3759,2,96,10,1,0.0
3760,2,60,12,1,0.0
3761,2,63,12,1,0.0
3762,2,52,12,1,0.0
3763,2,34,12,1,0.0
3764,2,74,12,1,0.0
3765,2,90,12,1,0.0
3766,2,92,12,1,0.0
3767,2,95,12,1,0.0
3768,2,96,12,1,0.0
3769,2,94,12,1,0.0
3770,2,95,12,1,0.0
3771,2,95,12,1,0.0
3772,2,94,13,1,0.0
3773,2,100,13,1,0.0
3774,2,96,13,1,0.0
3775,2,94,13,1,0.0
3776,2,94,13,1,0.0
3777,2,93,13,1,0.0
3778,2,101,13,1,0.0
3779,2,97,14,1,0.0
3780,2,97,14,1,0.0
3781,2,99,14,1,0.0
3782,2,93,14,1,0.0
3783,2,94,14,1,0.0
3784,2,105,14,1,0.0
3785,2,106,15,1,0.0
3786,2,104,15,1,0.0
3787,2,111,15,1,0.0
3788,2,103,15,1,0.0
3789,2,106,15,1,0.0
3790,2,110,16,1,0.0
3791,2,104,16,1,0.0
3792,2,103,16,1,0.0
3793,2,110,16,1,0.0
3794,2,106,16,1,0.0
3795,2,111,16,1,0.0
3796,2,109,16,1,0.0
3797,2,104,17,1,0.0
3798,2,116,17,1,0.0
3799,2,104,17,1,0.0
3800,2,108,17,1,0.0
3801,2,104,17,1,0.0
3802,2,41,17,1,0.0
3803,2,104,18,1,0.0
3804,2,105,18,1,0.0
3805,2,104,18,1,0.0
3806,2,104,18,1,0.0
3807,2,105,18,1,0.0
3808,2,93,19,1,0.0
3809,2,99,19,1,0.0
3810,2,95,19,1,0.0
3811,2,96,19,1,0.0
3812,2,93,20,1,0.0
3813,2,102,20,1,0.0
3814,2,99,20,1,0.0
3815,2,94,21,1,0.0
3816,2,98,21,1,0.0
3817,2,94,21,1,0.0
3818,2,89,22,1,0.0
3819,2,79,22,1,0.0
3820,2,83,22,1,0.0
3821,3,98,6,1,0.0
3822,3,96,6,1,0.0
3823,3,99,6,1,0.0
3824,3,96,6,1,0.0
3825,3,95,6,1,0.0
3826,3,96,6,1,0.0
3827,3,96,7,1,0.0
3828,3,99,7,1,0.0
3829,3,102,7,1,0.0
3830,3,110,7,1,0.0
3831,3,108,7,1,0.0
3832,3,114,7,1,0.0
3833,3,112,7,1,0.0
3834,3,113,8,1,0.0
3835,3,115,8,1,0.0
3836,3,109,8,1,0.0
3837,3,107,8,1,0.0
3838,3,108,8,1,0.0
3839,3,107,8,1,0.0
3840,3,106,9,1,0.0
3841,3,111,9,1,0.0
3842,3,105,9,1,0.0
3843,3,109,9,1,0.0
3844,3,104,9,1,0.0
3845,3,99,9,1,0.0
3846,3,94,10,1,0.0
3847,3,97,10,1,0.0
3848,3,97,10,1,0.0
3849,3,97,10,1,0.0
3850,3,99,10,1,0.0
3851,3,102,10,1,0.0
3852,3,97,11,1,0.0
3853,3,100,11,1,0.0
3854,3,96,11,1,0.0
3855,3,94,11,1,0.0
3856,3,96,11,1,0.0
3857,3,94,11,1,0.0
3858,3,94,12,1,0.0
3859,3,103,12,1,0.0
3860,3,94,12,1,0.0
3861,3,95,12,1,0.0
3862,3,98,12,1,0.0
3863,3,95,12,1,0.0
3864,3,96,13,1,0.0
3865,3,97,13,1,0.0
3866,3,102,13,1,0.0
3867,3,94,13,1,0.0
3868,3,95,13,1,0.0
3869,3,95,13,1,0.0
3870,3,93,14,1,0.0
3871,3,94,14,1,0.0
3872,3,93,14,1,0.0
3873,3,103,14,1,0.0
3874,3,107,14,1,0.0
3875,3,103,15,1,0.0
3876,3,106,15,1,0.0
3877,3,32,15,1,0.0
3878,3,110,15,1,0.0
3879,3,102,15,1,0.0
3880,3,109,15,1,0.0
3881,3,105,15,1,0.0
3882,3,105,16,1,0.0
3883,3,101,16,1,0.0
3884,3,118,16,1,0.0
3885,3,106,16,1,0.0
3886,3,105,16,1,0.0
3887,3,115,16,1,0.0
3888,3,110,17,1,0.0
3889,3,120,17,1,0.0
3890,3,105,17,1,0.0
3891,3,112,17,1,0.0
3892,3,109,17,1,0.0
3893,3,105,17,1,0.0
3894,3,103,18,1,0.0
3895,3,107,18,1,0.0
3896,3,103,18,1,0.0
3897,3,103,18,1,0.0
3898,3,115,18,1,0.0
3899,3,108,18,1,0.0
3900,3,120,19,1,0.0
3901,3,96,19,1,0.0
3902,3,94,20,1,0.0
3903,3,99,20,1,0.0
3904,3,98,20,1,0.0
3905,3,105,20,1,0.0
3906,3,94,21,1,0.0
3907,3,93,21,1,0.0
3908,3,96,21,1,0.0
3909,3,83,22,1,0.0
3910,3,87,22,1,0.0
3911,3,97,22,1,0.0
3912,4,95,6,1,1.1
3913,4,95,6,1,1.1
3914,4,90,6,1,1.1
3915,4,97,6,1,1.1
3916,4,95,6,1,1.1
3917,4,99,6,1,1.1
3918,4,99,7,1,1.0
3919,4,102,7,1,1.0
3920,4,99,7,1,1.0
3921,4,104,7,1,1.0
3922,4,102,7,1,1.0
3923,4,118,7,1,1.0
3924,4,114,7,1,1.0
3925,4,112,8,1,0.2
3926,4,113,8,1,0.2
3927,4,116,8,1,0.2
3928,4,108,8,1,0.2
3929,4,105,9,1,0.0
3930,4,99,9,1,0.0
3931,4,104,9,1,0.0
3932,4,107,9,1,0.0
3933,4,111,9,1,0.0
3934,4,98,9,1,0.0
3935,4,97,10,1,0.0
3936,4,104,10,1,0.0
3937,4,97,10,1,0.0
3938,4,105,10,1,0.0
3939,4,96,10,1,0.0
3940,4,96,10,1,0.0
3941,4,92,11,1,0.0
3942,4,98,11,1,0.0
3943,4,95,11,1,0.0
3944,4,93,11,1,0.0
3945,4,96,11,1,0.0
3946,4,101,12,1,0.0
3947,4,101,12,1,0.0
3948,4,96,12,1,0.0
3949,4,96,12,1,0.0
3950,4,95,12,1,0.0
3951,4,101,13,1,0.0
3952,4,96,13,1,0.0
3953,4,101,13,1,0.0
3954,4,94,13,1,0.0
3955,4,93,13,1,0.0
3956,4,100,13,1,0.0
3957,4,101,13,1,0.0
3958,4,101,14,1,1.1
3959,4,92,14,1,1.1
3960,4,99,14,1,1.1
3961,4,88,14,1,1.1
3962,4,107,14,1,1.1
3963,4,92,14,1,1.1
3964,4,103,15,1,1.0
3965,4,101,15,1,1.0
3966,4,104,15,1,1.0
3967,4,102,15,1,1.0
3968,4,110,15,1,1.0
3969,4,109,16,1,0.1
3970,4,104,16,1,0.1
3971,4,103,16,1,0.1
3972,4,109,16,1,0.1
3973,4,106,16,1,0.1
3974,4,110,16,1,0.1
3975,4,116,16,1,0.1
3976,4,106,16,1,0.1
3977,4,105,17,1,3.4
3978,4,117,17,1,3.4
3979,4,103,17,1,3.4
3980,4,108,17,1,3.4
3981,4,105,17,1,3.4
3982,4,104,17,1,3.4
3983,4,110,18,1,2.4
3984,4,107,18,1,2.4
3985,4,103,18,1,2.4
3986,4,103,18,1,2.4
3987,4,115,18,1,2.4
3988,4,95,19,1,4.0
3989,4,103,19,1,4.0
3990,4,99,19,1,4.0
3991,4,96,20,1,3.2
3992,4,99,20,1,3.2
3993,4,99,20,1,3.2
3994,4,94,21,1,0.6
3995,4,94,21,1,0.6
3996,4,93,21,1,0.6
3997,4,87,22,1,0.0
3998,4,90,23,1,0.0
3999,5,96,6,0,0.0
4000,5,100,6,0,0.0
4001,5,101,6,0,0.0
4002,5,105,7,0,0.0
4003,5,95,7,0,0.0
4004,5,106,7,0,0.0
4005,5,102,7,0,0.0
4006,5,116,8,0,0.0
4007,5,104,8,0,0.0
4008,5,106,8,0,0.0
4009,5,99,9,0,0.0
4010,5,98,9,0,0.0
4011,5,102,9,0,0.0
4012,5,104,9,0,0.0
4013,5,103,10,0,0.0
4014,5,103,10,0,0.0
4015,5,100,10,0,0.0
4016,5,104,10,0,0.0
4017,5,103,11,0,0.0
4018,5,103,11,0,0.0
4019,5,97,11,0,0.0
4020,5,106,12,0,0.0
4021,5,100,12,0,0.0
4022,5,103,12,0,0.0
4023,5,103,12,0,0.0
4024,5,103,13,0,0.0
4025,5,106,13,0,0.0
4026,5,101,13,0,0.0
4027,5,99,14,0,0.1
4028,5,102,14,0,0.1
4029,5,101,14,0,0.1
4030,5,95,14,0,0.1
4031,5,99,15,0,0.0
4032,5,108,15,0,0.0
4033,5,95,15,0,0.0
4034,5,101,15,0,0.0
4035,5,107,16,0,0.2
4036,5,107,16,0,0.2
4037,5,124,16,0,0.2
4038,5,92,17,0,0.7
4039,5,99,17,0,0.7
4040,5,102,17,0,0.7
4041,5,91,17,0,0.7
4042,5,96,17,0,0.7
4043,5,95,18,0,0.1
4044,5,91,18,0,0.1
4045,5,92,19,0,0.0
4046,5,97,19,0,0.0
4047,5,98,19,0,0.0
4048,5,95,20,0,0.0
4049,5,96,20,0,0.0
4050,5,95,20,0,0.0
4051,5,95,21,0,0.0
4052,5,93,21,0,0.0
4053,5,95,21,0,0.0
4054,5,112,22,0,0.0
4055,5,97,22,0,0.0
4056,5,95,23,0,0.1
4057,6,81,8,0,0.0
4058,6,73,9,0,0.1
4059,6,79,9,0,0.1
4060,6,93,9,0,0.1
4061,6,77,10,0,0.0
4062,6,73,10,0,0.0
4063,6,101,11,0,0.0
4064,6,103,11,0,0.0
4065,6,96,11,0,0.0
4066,6,96,12,0,0.0
4067,6,101,12,0,0.0
4068,6,101,13,0,0.0
4069,6,96,13,0,0.0
4070,6,96,13,0,0.0
4071,6,96,13,0,0.0
4072,6,101,14,0,1.5
4073,6,94,15,0,0.0
4074,6,97,15,0,0.0
4075,6,94,15,0,0.0
4076,6,99,15,0,0.0
4077,6,97,16,0,0.0
4078,6,98,16,0,0.0
4079,6,101,16,0,0.0
4080,6,96,17,0,0.1
4081,6,104,17,0,0.1
4082,6,94,18,0,0.5
4083,6,99,18,0,0.5
4084,6,87,18,0,0.5
4085,6,82,19,0,0.6
4086,6,87,19,0,0.6
4087,6,91,20,0,0.0
4088,6,75,21,0,0.0
4089,6,79,21,0,0.0
4090,6,109,22,0,0.0
4091,6,80,22,0,0.0
4092,0,97,6,1,0.0
4093,0,99,6,1,0.0
4094,0,93,6,1,0.0
4095,0,100,6,1,0.0
4096,0,95,6,1,0.0
4097,0,94,6,1,0.0
4098,0,101,6,1,0.0
4099,0,103,7,1,0.0
4100,0,100,7,1,0.0
4101,0,105,7,1,0.0
4102,0,103,7,1,0.0
4103,0,111,7,1,0.0
4104,0,101,7,1,0.0
4105,0,112,8,1,0.0
4106,0,118,8,1,0.0
4107,0,110,8,1,0.0
4108,0,104,8,1,0.0
4109,0,108,8,1,0.0
4110,0,103,9,1,0.1
4111,0,104,9,1,0.1
4112,0,105,9,1,0.1
4113,0,113,9,1,0.1
4114,0,104,9,1,0.1
4115,0,101,9,1,0.1
4116,0,98,9,1,0.1
4117,0,99,10,1,0.5
4118,0,98,10,1,0.5
4119,0,101,10,1,0.5
4120,0,103,10,1,0.5
4121,0,96,10,1,0.5
4122,0,98,10,1,0.5
4123,0,98,11,1,0.3
4124,0,96,11,1,0.3
4125,0,92,11,1,0.3
4126,0,94,11,1,0.3
4127,0,95,11,1,0.3
4128,0,95,12,1,0.0
4129,0,100,12,1,0.0
4130,0,73,12,1,0.0
4131,0,99,12,1,0.0
4132,0,94,12,1,0.0
4133,0,100,12,1,0.0
4134,0,95,12,1,0.0
4135,0,98,13,1,0.2
4136,0,96,13,1,0.2
4137,0,93,13,1,0.2
4138,0,33,13,1,0.2
4139,0,100,13,1,0.2
4140,0,100,13,1,0.2
4141,0,94,14,1,0.0
4142,0,98,14,1,0.0
4143,0,99,14,1,0.0
4144,0,93,14,1,0.0
4145,0,94,14,1,0.0
4146,0,106,15,1,0.0
4147,0,101,15,1,0.0
4148,0,104,15,1,0.0
4149,0,109,15,1,0.0
4150,0,105,15,1,0.0
4151,0,103,15,1,0.0
4152,0,105,15,1,0.0
4153,0,111,16,1,0.4
4154,0,111,16,1,0.4
4155,0,105,16,1,0.4
4156,0,104,16,1,0.4
4157,0,106,16,1,0.4
4158,0,105,16,1,0.4
4159,0,121,17,1,0.0
4160,0,111,17,1,0.0
4161,0,96,17,1,0.0
4162,0,103,17,1,0.0
4163,0,106,17,1,0.0
4164,0,104,18,1,0.0
4165,0,101,18,1,0.0
4166,0,103,18,1,0.0
4167,0,99,18,1,0.0
4168,0,97,18,1,0.0
4169,0,93,19,1,0.0
4170,0,92,19,1,0.0
4171,0,124,19,1,0.0
4172,0,96,19,1,0.0
4173,0,106,20,1,0.0
4174,0,98,20,1,0.0
4175,0,94,21,1,0.0
4176,0,93,21,1,0.0
4177,0,88,22,1,0.0
4178,0,79,22,1,0.0
4179,0,77,22,1,0.0
4180,0,85,23,1,0.0
4181,1,95,6,1,0.0
4182,1,97,6,1,0.0
4183,1,84,6,1,0.0
4184,1,91,6,1,0.0
4185,1,91,6,1,0.0
4186,1,94,6,1,0.0
4187,1,95,7,1,0.0
4188,1,86,7,1,0.0
4189,1,103,7,1,0.0
4190,1,105,7,1,0.0
4191,1,102,7,1,0.0
4192,1,110,7,1,0.0
4193,1,114,7,1,0.0
4194,1,108,8,1,0.0
4195,1,122,8,1,0.0
4196,1,113,8,1,0.0
4197,1,104,8,1,0.0
4198,1,108,8,1,0.0
4199,1,104,8,1,0.0
4200,1,109,9,1,0.0
4201,1,109,9,1,0.0
4202,1,105,9,1,0.0
4203,1,104,9,1,0.0
4204,1,102,9,1,0.0
4205,1,99,9,1,0.0
4206,1,99,10,1,0.1
4207,1,99,10,1,0.1
4208,1,90,10,1,0.1
4209,1,98,10,1,0.1
4210,1,97,10,1,0.1
4211,1,97,10,1,0.1
4212,1,102,11,1,0.0
4213,1,96,11,1,0.0
4214,1,96,11,1,0.0
4215,1,92,11,1,0.0
4216,1,93,11,1,0.0
4217,1,101,11,1,0.0
4218,1,96,12,1,0.0
4219,1,95,12,1,0.0
4220,1,100,12,1,0.0
4221,1,93,12,1,0.0
4222,1,95,12,1,0.0
4223,1,95,12,1,0.0
4224,1,96,13,1,0.0
4225,1,95,13,1,0.0
4226,1,97,13,1,0.0
4227,1,93,13,1,0.0
4228,1,97,13,1,0.0
4229,1,95,13,1,0.0
4230,1,95,14,1,0.0
4231,1,94,14,1,0.0
4232,1,92,14,1,0.0
4233,1,103,14,1,0.0
4234,1,96,14,1,0.0
4235,1,109,15,1,0.0
4236,1,106,15,1,0.0
4237,1,103,15,1,0.0
4238,1,73,15,1,0.0
4239,1,103,15,1,0.0
4240,1,113,15,1,0.0
4241,1,104,15,1,0.0
4242,1,99,16,1,2.9
4243,1,103,16,1,2.9
4244,1,103,16,1,2.9
4245,1,114,16,1,2.9
4246,1,105,16,1,2.9
4247,1,95,17,1,0.6
4248,1,104,17,1,0.6
4249,1,107,17,1,0.6
4250,1,105,17,1,0.6
4251,1,108,17,1,0.6
4252,1,116,17,1,0.6
4253,1,106,17,1,0.6
4254,1,102,18,1,0.0
4255,1,107,18,1,0.0
4256,1,103,18,1,0.0
4257,1,103,18,1,0.0
4258,1,78,18,1,0.0
4259,1,93,19,1,0.0
4260,1,95,19,1,0.0
4261,1,95,19,1,0.0
4262,1,88,19,1,0.0
4263,1,56,20,1,0.0
4264,1,99,20,1,0.0
4265,1,99,20,1,0.0
4266,1,99,20,1,0.0
4267,1,94,21,1,0.0
4268,1,38,21,1,0.0
4269,1,94,21,1,0.0
4270,1,69,22,1,0.0
4271,1,67,22,1,0.0
4272,1,79,22,1,0.0
4273,1,82,22,1,0.0
4274,2,96,6,1,0.0
4275,2,98,6,1,0.0
4276,2,99,6,1,0.0
4277,2,92,6,1,0.0
4278,2,95,6,1,0.0
4279,2,99,6,1,0.0
4280,2,107,6,1,0.0
4281,2,101,7,1,0.0
4282,2,100,7,1,0.0
4283,2,104,7,1,0.0
4284,2,102,7,1,0.0
4285,2,111,7,1,0.0
4286,2,111,7,1,0.0
4287,2,111,8,1,0.0
4288,2,109,8,1,0.0
4289,2,101,8,1,0.0
4290,2,99,8,1,0.0
4291,2,205,8,1,0.0
4292,2,73,9,1,0.0
4293,2,68,9,1,0.0
4294,2,56,9,1,0.0
4295,2,44,9,1,0.0
4296,2,37,9,1,0.0
4297,2,74,18,1,0.0
4298,2,71,18,1,0.0
4299,2,55,18,1,0.0
4300,2,104,18,1,0.0
4301,2,49,18,1,0.0
4302,2,94,18,1,0.0
4303,2,88,18,1,0.0
4304,2,34,18,1,0.0
4305,2,106,18,1,0.0
4306,2,107,18,1,0.0
4307,2,103,18,1,0.0
4308,2,116,18,1,0.0
4309,2,99,18,1,0.0
4310,2,99,19,1,0.0
4311,2,96,19,1,0.0
4312,2,102,19,1,0.0
4313,2,98,20,1,0.0
4314,2,98,20,1,0.0
4315,2,98,20,1,0.0
4316,2,94,21,1,0.0
4317,2,93,21,1,0.0
4318,2,89,21,1,0.0
4319,2,74,22,1,0.0
4320,2,82,22,1,0.0
4321,2,88,22,1,0.0
4322,3,95,6,1,0.0
4323,3,98,6,1,0.0
4324,3,99,6,1,0.0
4325,3,96,6,1,0.0
4326,3,92,6,1,0.0
4327,3,95,6,1,0.0
4328,3,102,6,1,0.0
4329,3,106,7,1,0.2
4330,3,100,7,1,0.2
4331,3,97,7,1,0.2
4332,3,107,7,1,0.2
4333,3,116,7,1,0.2
4334,3,119,7,1,0.2
4335,3,112,8,1,0.3
4336,3,110,8,1,0.3
4337,3,109,8,1,0.3
4338,3,109,8,1,0.3
4339,3,104,8,1,0.3
4340,3,97,9,1,0.0
4341,3,104,9,1,0.0
4342,3,104,9,1,0.0
4343,3,105,9,1,0.0
4344,3,92,9,1,0.0
4345,3,101,9,1,0.0
4346,3,99,10,1,0.0
4347,3,85,10,1,0.0
4348,3,78,10,1,0.0
4349,3,68,10,1,0.0
4350,3,56,10,1,0.0
4351,3,46,10,1,0.0
4352,3,36,11,1,0.0
